채권관리ID,최종업종차수,제품명,매출실적금액,기업규모코드,부실처리일자,부실사유코드,기업보증잔액,기업구상권잔액,기업인수잔액,기업대위권잔액,채무명의취득여부,최종이행일자,집행권원취득일자,기존이행금액,최초시효기일,삭제여부,최종수정수
9bS***,8,음료,0,기타,2011-07-05,휴.폐업,30000000,0,0,0,,,,0,,N,1
9bS***,8,자동차부품,0,기타,2011-06-22,기타,40000000,0,0,0,,,,0,,N,1
9bR***,8,선박임가공,0,소기업,,기타,0,0,0,0,,2010-08-25,2011-01-27,0,2021-01-27,N,1
9bR***,8,우피원단,0,중기업,,기타,0,0,0,0,,2000-12-29,2006-05-25,0,2016-05-25,N,1
9bR***,8,노래방,0,소기업,,기타,0,0,0,0,,2007-04-09,2011-03-18,0,2021-03-18,N,1
9bR***,9,봉제기계,0,중기업,,기타,0,0,0,0,,1995-12-29,2001-07-27,0,2011-07-27,N,1
9bR***,8,LCD용 사출전자부품,0,기타,2011-05-02,이행지체,0,3488207580,4125000,0,,,,0,,N,1
9bR***,8,석공사,0,기타,2011-07-01,이자연체,321153000,0,0,0,,,,0,,N,1
9bR***,8,과일,0,소기업,,기타,0,0,0,0,,2010-10-06,,0,2015-10-06,N,1
9bR***,8,도장공사업,0,기타,2011-07-06,관계회사 사고에 의한 부실,510000000,0,0,0,,,,0,,N,1
9bR***,8,금속단조,0,기타,2011-07-07,원금연체,381000000,0,0,0,,,,0,,N,1
9bR***,8,포장지(의약용품 전용),0,기타,2011-03-08,신용관리정보등록,30000000,0,0,0,,,,0,,N,1
9bR***,9,맨홀뚜껑,0,소기업,,기타,0,0,0,0,,1999-08-06,2001-07-28,0,2011-07-28,N,1
9bR***,8,의류,0,소기업,,기타,0,0,0,0,,2008-01-25,2009-02-03,0,2019-02-03,N,1
9bR***,9,유아용품,0,소기업,2007-03-14,신용관리정보등록,0,23740813,0,0,,2008-08-14,,25025997,2013-08-14,N,1
9bR***,8,친환경비료 등,0,기타,2010-11-04,사업장 권리침해,0,44859576,0,0,,,,0,,N,1
9bR***,9,실내건축공사,0,소기업,,기타,0,0,0,0,,2009-01-16,,0,2011-07-24,N,1
9bR***,8,의류,0,기타,2011-07-07,휴.폐업,27000000,0,0,0,,,,0,,N,1
9bR***,8,건축자재,0,기타,2011-07-05,당좌부도,37120000,0,0,0,,,,0,,N,1
9bR***,8,"대형음식점용 식탁, 의자, 쇼파,",0,기타,2011-01-20,신용관리정보등록,119470000,0,0,0,,,,0,,N,1
9bR***,8,냉난방기기,0,기타,2010-07-16,신용관리정보등록,0,136948533,0,0,,,,0,,N,1
9bR***,8,건설장비,0,기타,,기타,0,0,0,0,,,,0,,N,1
9bR***,8,비닐인쇄가공,0,기타,2010-06-23,휴.폐업,40000000,0,0,0,,,,0,,N,1
9bR***,8,석공사,0,기타,2011-07-01,이자연체,321153000,0,0,0,,,,0,,N,1
9bR***,8,철재가구,0,기타,2009-04-02,당좌부도,0,167100975,0,0,,,,0,,N,1
9bR***,8,,0,기타,2011-07-06,휴.폐업,45000000,0,0,0,,,,0,,N,1
9bR***,8,직물원단,0,소기업,,기타,0,0,0,0,,2010-08-11,,0,2015-08-11,N,1
9bR***,8,광고간행물,0,기타,2011-07-05,당좌부도,84600000,0,0,0,,,,0,,N,1
9bR***,8,스포츠용품(골프),0,기타,2011-07-06,원금연체,234240000,0,0,0,,,,0,,N,1
9bR***,9,Candle 필터,0,소기업,,기타,0,0,0,0,,1996-03-22,2001-06-02,0,2011-06-02,N,1
9bR***,8,,0,기타,2011-04-11,원금연체,8100000,0,0,0,,,,0,,N,1
9bR***,8,,0,기타,2011-07-06,휴.폐업,40000000,0,0,0,,,,0,,N,1
9bR***,8,식자재유통,0,기타,,기타,32000000,0,0,0,,,,0,,N,1
9bR***,9,"쌀,곡물류",0,소기업,2011-06-28,기타,0,20076749,0,0,,2011-06-29,,20078389,2016-06-29,N,1
9bR***,8,조미김,0,소기업,,기타,0,0,0,0,,2010-09-30,,0,2015-09-30,N,1
9bR***,8,치즈스틱,0,기타,,기타,345000000,0,0,0,,,,0,,N,1
9bR***,8,고기,0,기타,,기타,170000000,0,0,0,,,,0,,N,1
9bR***,8,의료서비스,0,기타,2009-08-04,신용관리정보등록,0,6379379037,0,0,,,,0,,N,1
9bR***,8,"소고기,돼지고기외",0,기타,2009-04-13,원금연체,0,169117090,0,0,,,,0,,N,1
9bR***,8,"소고기,돼지고기외",0,기타,2009-04-13,원금연체,0,169117090,0,0,,,,0,,N,1
9bR***,8,알루미늄 비렛,0,기타,2011-04-13,당좌부도,1000000000,0,0,0,,,,0,,N,1
9bR***,8,히트펌프,0,기타,2011-04-08,신용관리정보등록,95000000,0,0,0,,,,0,,N,1
9bR***,9,의류,0,소기업,,기타,0,0,0,0,,2003-06-26,,0,2008-06-26,N,1
9bR***,8,"서버,컴퓨터",0,기타,2011-04-27,원금연체,50065000,0,0,0,,,,0,,N,1
9bR***,9,,0,소기업,2010-12-31,원금연체,0,65203769,0,0,,2011-03-03,,65877829,2016-03-03,N,1
9bR***,8,금속창호공사,0,기타,2010-08-03,"회생절차,파산 신청",0,1305287430,0,0,,,,0,,N,1
9bR***,8,초등교육,0,기타,2011-06-21,이자연체,0,30266674,0,0,,,,0,,N,1
9bR***,8,황동봉 가동,0,기타,2011-01-11,신용관리정보등록,0,46541071,0,0,,,,0,,N,1
9bR***,8,직조테이프,0,기타,2011-06-16,당좌부도,30240000,0,0,0,,,,0,,N,1
9bR***,8,컴퓨터,0,기타,2011-07-05,이자연체,40000000,0,0,0,,,,0,,N,1
9bR***,8,섬유원단 염색,0,기타,2011-07-06,기타,109984000,0,0,0,,,,0,,N,1
9bR***,8,주름관,0,기타,2011-04-20,"제3자인수,합병에 의한 부실",0,254537110,0,0,,,,0,,N,1
9bR***,8,고압가스,0,기타,2010-01-28,휴.폐업,0,107011541,0,0,,,,0,,N,1
9bR***,9,,0,소기업,2009-01-09,이자연체,0,18202493,0,0,Y,2009-04-08,2011-04-20,18202493,2021-04-20,N,1
9bR***,8,스텐레스　주방기기,0,중기업,,기타,0,0,0,0,,1998-04-15,2004-03-17,0,2014-03-17,N,1
9bR***,8,육류,0,소기업,,기타,0,0,0,0,,2008-05-28,2008-10-23,0,2018-10-23,N,1
9bR***,8,철근콘크리트공사,0,소기업,2011-03-17,이자연체,68000000,0,0,0,,,,0,,N,1
9bR***,8,가전제품,0,소기업,2011-07-06,원금연체,500000000,0,0,0,,,,0,,N,1
9bR***,8,서적출판,0,기타,2011-06-17,당좌부도,170000000,0,0,0,,,,0,,N,1
9bR***,8,"면직물,부직포",0,기타,2009-07-30,신용관리정보등록,0,115446531,0,0,,,,0,,N,1
9bR***,9,UV코팅기(표면특수,0,중기업,1997-01-17,당좌부도,0,49666289,0,0,Y,1997-06-17,2002-12-11,52609589,2012-12-11,N,1
9bR***,9,토목건축공사,0,소기업,,기타,0,0,0,0,,2006-07-28,2008-12-20,0,2011-07-28,N,1
9bR***,8,,0,소기업,,기타,0,0,0,0,,2009-08-12,2010-07-02,0,2020-07-02,N,1
9bR***,8,,0,소기업,,기타,0,0,0,0,,2003-03-12,2004-12-17,0,2014-12-17,N,1
9bR***,8,,0,기타,2010-07-21,기타,0,29515546,0,0,,,,0,,N,1
9bR***,9,,0,소기업,,기타,0,0,0,0,,2003-10-15,,0,2008-10-15,N,1
9bR***,8,"화물운송, 화물운송중개 외",0,소기업,2011-07-06,"회생절차,파산 신청",684000000,0,0,0,,,,0,,N,1
9bR***,8,"토목공사,건축공사",0,기타,2011-06-22,기타,6153215230,0,0,0,,,,0,,N,1
9bR***,9,화장품,0,소기업,2001-05-04,당좌부도,0,3051222,0,0,Y,2001-09-20,2004-11-24,17475068,2014-11-24,N,1
9bR***,8,폐플라스틱 재생,0,소기업,,기타,0,0,0,0,,2010-08-31,,0,2015-08-31,N,1
9bR***,9,,0,소기업,,기타,0,0,0,0,,2004-06-08,,0,2009-06-08,N,1
9bR***,8,여성의류,0,소기업,,기타,0,0,0,0,,2010-08-27,,0,2015-08-27,N,1
9bR***,8,철근콘크리트공사,0,기타,2011-03-17,이자연체,68000000,0,0,0,,,,0,,N,1
9bR***,9,"승강기,비디오도어폰",0,소기업,,기타,0,0,0,0,,1995-05-22,2001-07-26,0,2011-07-26,N,1
9bR***,8,섬유연사,0,기타,2011-07-05,관계회사 사고에 의한 부실,90000000,0,0,0,,,,0,,N,1
9bR***,8,자동차 부품,0,소기업,,기타,0,0,0,0,,2005-11-28,2007-09-16,0,2012-05-01,N,1
9bR***,8,육가공,0,기타,2011-04-28,원금연체,1473000000,0,0,0,,,,0,,N,1
9bR***,8,인테리어디자인,0,기타,2011-06-15,신용관리정보등록,0,96312789,0,0,,,,0,,N,1
9bR***,8,,0,소기업,,기타,0,0,0,0,,2006-01-12,,0,2015-10-20,N,1
9bR***,9,철강,0,소기업,,기타,0,0,0,0,,2006-07-20,,0,2011-08-30,N,1
9bR***,8,나이론스트레치사,0,기타,2011-07-04,원금연체,745000000,0,0,0,,,,0,,N,1
9bR***,9,,0,중기업,,기타,0,0,0,0,,1989-05-20,2001-08-29,0,2011-08-29,N,1
9bR***,9,자동화기계,0,중기업,1993-03-08,원금연체,0,167626058,0,0,Y,1993-07-16,2010-10-09,228627327,2020-10-09,N,1
9bR***,8,용접기,0,기타,2011-07-04,신용관리정보등록,34320000,0,0,0,,,,0,,N,1
9bR***,8,유류,0,기타,2011-06-24,휴.폐업,0,50319712,0,0,,,,0,,N,1
9bR***,8,,0,소기업,,기타,0,0,0,0,,2006-07-13,,0,2011-07-13,N,1
9bR***,8,알루미늄 비렛,0,기타,2011-04-13,당좌부도,1000000000,0,0,0,,,,0,,N,1
9bR***,9,화물운송,0,소기업,2005-04-04,원금연체,0,6551176,0,0,Y,2005-06-21,2010-03-31,15611176,2020-03-31,N,1
9bR***,9,토공사,0,소기업,,기타,0,0,0,0,,2006-07-31,,0,2011-07-31,N,1
9bR***,9,홈페이지제작 관리,0,소기업,2007-11-06,이자연체,0,17218665,0,0,Y,2007-12-18,2008-04-18,17351645,2018-04-18,N,1
9bR***,8,의류,0,기타,2011-04-21,신용회복지원신청,0,27627827,0,0,,,,0,,N,1
9bR***,9,,0,소기업,,기타,0,0,0,0,,2005-03-09,,0,2010-03-09,N,1
9bR***,9,씽크장,0,소기업,2001-06-18,이자연체,0,10073452,0,0,Y,2001-10-24,2006-09-12,10203178,2016-09-12,N,1
9bR***,9,,0,소기업,2002-08-14,원금연체,0,26602787,0,0,Y,2002-12-20,2008-02-19,26602787,2018-02-19,N,1
9bR***,9,,0,소기업,2011-07-04,휴.폐업,0,16976498,0,0,,2011-07-06,,17014028,2016-07-06,N,1
9bR***,9,,0,소기업,,기타,0,0,0,0,,2005-09-14,,0,2010-09-14,N,1
9bR***,8,고철,0,기타,2011-05-18,휴.폐업,73175000,0,0,0,,,,0,,N,1
9bR***,8,광고대행,0,기타,2011-05-09,이자연체,30000000,0,0,0,,,,0,,N,1
9bR***,9,,0,소기업,,기타,0,0,0,0,,2005-08-09,,0,2010-08-09,N,1
9bR***,8,"철근,정온전선",0,소기업,2011-07-06,당좌부도,1800000000,0,0,0,,,,0,,N,1
9bR***,8,,0,기타,2011-05-25,휴.폐업,42500000,0,0,0,,,,0,,N,1
9bR***,9,,0,소기업,,기타,0,0,0,0,,2005-10-28,,0,2010-10-28,N,1
9bR***,9,"철물,난방기구",0,소기업,2004-10-14,신용관리정보등록,0,22441758,0,0,Y,2005-11-21,2008-04-04,23912982,2018-04-04,N,1
9bR***,8,"귀저기,물티슈",0,기타,,기타,90000000,0,0,0,,,,0,,N,1
9bR***,8,,0,기타,1998-01-08,당좌부도,0,22813017,0,0,,,,0,,N,1
9bR***,8,압력솥,0,중기업,,기타,0,0,0,0,,1998-04-08,,0,2003-03-19,N,1
9bR***,8,,0,기타,2011-06-22,이자연체,70600000,0,0,0,,,,0,,N,1
9bR***,9,,0,소기업,,기타,0,0,0,0,,2005-11-11,,0,2010-09-27,N,1
9bR***,8,환기자재,0,기타,2011-07-06,신용관리정보등록,300000000,0,0,0,,,,0,,N,1
9bR***,9,의류,0,소기업,2011-03-23,이자연체,0,28064138,0,0,,2011-04-22,,28129768,2016-04-22,N,1
9bR***,9,"유압PITTING,커넥터",0,소기업,2009-12-07,대표자 등 부실사유발생(신용악화인정),0,240454879,0,0,,2010-09-01,,299067938,2015-08-03,N,1
9bR***,8,환기자재,0,기타,2011-07-06,신용관리정보등록,300000000,0,0,0,,,,0,,N,1
9bR***,9,양화,0,소기업,,기타,0,0,0,0,,2005-05-18,,0,2010-05-18,N,1
9bR***,9,전기재료,0,소기업,2011-06-28,휴.폐업,0,7934484,0,0,,2011-07-06,,7935414,2016-07-06,N,1
9bR***,8,스포츠의류외,0,소기업,,기타,0,0,0,0,,2009-11-27,,0,2014-11-27,N,1
9bR***,9,굴삭기,0,소기업,2010-12-14,연대보증에 따른 부실(연쇄도산),0,26023429,0,0,,2011-07-06,,26023429,2016-07-06,N,1
9bR***,9,컴퓨터,0,소기업,2001-09-15,신용관리정보등록,0,18240480,0,0,Y,2001-11-22,2002-06-18,18267020,2012-06-18,N,1
9bR***,8,기계설비공사,0,소기업,,기타,0,0,0,0,,2008-04-25,2008-12-03,0,2018-12-03,N,1
9bR***,9,창호공사,0,소기업,2002-07-30,이자연체,0,17509182,0,0,Y,2002-09-17,2008-01-15,24924747,2018-01-15,N,1
9bR***,8,"락스, 세제",0,소기업,,기타,0,0,0,0,,2008-12-26,2010-04-15,0,2020-04-15,N,1
9bR***,8,석재,0,기타,2011-07-05,원금연체,325955827,0,0,0,,,,0,,N,1
9bR***,8,,0,기타,2011-07-06,당좌부도,38880000,0,0,0,,,,0,,N,1
9bR***,8,과일,0,기타,2011-06-29,이자연체,30000000,0,0,0,,,,0,,N,1
9bR***,8,전기공사,0,소기업,2011-06-07,이자연체,0,740389334,0,0,,2011-06-23,,757138205,,N,1
9bR***,8,석재,0,기타,2011-07-05,원금연체,325955827,0,0,0,,,,0,,N,1
9bR***,9,공조장치,0,소기업,,기타,0,0,0,0,,1996-12-28,2001-09-06,0,2011-07-24,N,1
9bR***,8,"조경식재,시설물,철콘,상하수도",0,기타,2011-07-05,기타,85000000,0,0,0,,,,0,,N,1
9bR***,8,석재,0,기타,2011-07-05,원금연체,325955827,0,0,0,,,,0,,N,1
9bR***,8,석재,0,기타,2011-07-05,원금연체,325955827,0,0,0,,,,0,,N,1
9bR***,8,UV코팅 외,0,소기업,2011-03-15,원금연체,0,282814527,0,0,,2011-05-06,,282814527,,N,1
9bR***,8,피자용 식자재,0,기타,2011-06-30,휴.폐업,0,0,0,0,,,,0,,N,1
9bR***,8,,0,소기업,,기타,0,0,0,0,,2010-03-04,,0,2015-02-25,N,1
9bz***,9,,0,소기업,2004-04-12,원금연체,0,13057020,0,0,Y,2004-07-08,2009-06-27,18166257,2019-06-27,N,1
9bz***,8,,0,기타,2009-03-20,신용관리정보등록,0,8660177,0,0,,,,0,,N,1
9bx***,8,선박 선실 등 용접,0,소기업,2009-04-29,이자연체,20000000,0,0,0,,,,0,,N,1
9bx***,8,,0,기타,2009-01-21,이자연체,0,46363142,0,0,,,,0,,N,1
9bx***,8,,0,소기업,2007-03-14,신용관리정보등록,0,10158416,0,0,Y,2007-08-21,2007-10-16,41455473,2017-10-16,N,1
9bx***,8,백색시멘트,0,기타,2009-03-19,당좌부도,31400000,0,0,0,,,,0,,N,1
9bx***,8,,0,기타,2009-04-08,이자연체,80000000,0,0,0,,,,0,,N,1
9bx***,8,홍삼농축액,0,기타,2009-02-23,이자연체,27200000,0,0,0,,,,0,,N,1
9bx***,8,요업인쇄,0,중기업,1998-01-07,원금연체,0,4451849,0,0,Y,1997-12-29,2000-09-20,44850587,2010-09-20,N,1
9bx***,8,"건설장비(굴삭기,덤프트럭)",0,기타,2009-03-17,신용관리정보등록,21600000,0,0,0,,,,0,,N,1
9bx***,8,전기공사,0,소기업,2009-04-07,원금연체,24560000,0,0,0,,,,0,,N,1
9bx***,8,,0,소기업,1994-10-12,원금연체,0,10193031,0,0,Y,1995-01-20,2000-04-18,17430311,2010-04-18,N,1
9bx***,8,,0,소기업,2004-03-17,이자연체,0,26057157,0,0,Y,2004-05-07,2008-01-05,26057157,2018-01-05,N,1
9bx***,8,주방플라스틱 용기,0,기타,2009-02-18,이자연체,381640000,0,0,0,,,,0,,N,1
9bx***,8,,0,기타,2009-04-14,휴.폐업,0,27600795,0,0,,,,0,,N,1
9bx***,8,"건설장비(굴삭기,덤프트럭)",0,기타,2009-03-17,신용관리정보등록,21600000,0,0,0,,,,0,,N,1
9bx***,8,,0,기타,2009-04-16,신용관리정보등록,16000000,0,0,0,,,,0,,N,1
9bx***,8,병원용 약품,0,기타,2008-11-19,대표자 등 부실사유발생(신용악화인정),0,10950953,0,0,,,,0,,N,1
9bx***,8,"면사,원단",0,기타,2009-01-02,원금연체,554400000,0,0,0,,,,0,,N,1
9bx***,8,"원두커피,잡화",0,소기업,1999-09-21,신용관리정보등록,0,15432945,0,0,Y,2000-03-03,2005-03-22,15432945,2015-03-20,N,1
9bx***,8,"한우, 육우, 돈육",0,기타,2009-04-13,휴.폐업,0,0,0,0,,,,0,,N,1
9bx***,8,통신공사,0,기타,2009-04-15,원금연체,80000000,0,0,0,,,,0,,N,1
9bx***,8,"샴프,비누,샤워크림",0,기타,2009-03-23,이자연체,96000000,0,0,0,,,,0,,N,1
9bx***,8,석유류,0,기타,2009-01-14,휴.폐업,13600000,0,0,0,,,,0,,N,1
9bx***,8,전기공사,0,기타,2009-04-07,원금연체,24560000,0,0,0,,,,0,,N,1
9bx***,8,철근콘트리트공사,0,기타,2008-10-08,당좌부도,657470000,1532940762,15631000,0,,,,0,,N,1
9bx***,8,,0,기타,2008-07-29,신용관리정보등록,17500000,0,0,0,,,,0,,N,1
9bx***,8,주방기기,0,소기업,,기타,0,0,0,0,,2004-05-14,2007-05-23,0,2009-05-14,N,1
9bx***,8,"i-pod(mp3) 및 악세사리, 맥북 등",0,기타,2009-03-10,원금연체,170000000,0,0,0,,,,0,,N,1
9bx***,8,알루미늄 재생 인고터,0,소기업,2009-04-29,휴.폐업,200000000,0,0,0,,,,0,,N,1
9bx***,8,각종 발전설비기자재 및 건설기자재,0,기타,,기타,56000000,0,0,0,,,,0,,N,1
9bx***,8,석유,0,기타,2009-03-31,신용관리정보등록,0,0,0,0,,,,0,,N,1
9bx***,8,장식용목공예품,0,소기업,1998-01-03,신용관리정보등록,0,5556788,0,0,Y,1998-06-29,2002-06-25,10577533,2012-06-25,N,1
9bx***,8,PC방서비스,0,소기업,2004-11-24,휴.폐업,0,11064276,0,0,Y,2005-06-08,2005-07-29,21689476,2015-07-29,N,1
9bx***,8,,0,기타,2009-04-21,신용관리정보등록,76500000,0,0,0,,,,0,,N,1
9bx***,8,감속기,0,기타,2009-04-24,신용관리정보등록,87975000,0,0,0,,,,0,,N,1
9bx***,8,,0,소기업,2009-01-13,신용관리정보등록,0,40448174,0,0,,2009-04-13,,40448174,2014-04-13,N,1
9bx***,8,"볼트,보온재",0,기타,2009-03-04,당좌부도,302809910,0,0,0,,,,147154190,,N,1
9bx***,8,임가공,0,기타,2001-08-02,신용관리정보등록,0,7258309,0,0,,,,0,,N,1
9bx***,8,명태,0,소기업,2007-02-27,이자연체,0,202251094,0,0,Y,2007-04-30,2007-08-08,213611740,2017-08-08,N,1
9bx***,8,시설물유지관리,0,소기업,2009-04-29,대표자 등 부실사유발생(신용악화인정),2653000000,0,335000000,0,,,,0,,N,1
9bx***,8,"합판,MDF,PB",0,기타,2009-02-17,원금연체,2546233305,0,0,0,,,,1302572154,,N,1
9bx***,8,헬스연습장,0,기타,2007-10-16,원금연체,0,0,0,0,,,,0,,N,1
9bx***,8,컴퓨터및주변기기,0,소기업,,기타,0,0,0,0,,2004-07-22,,0,2009-06-25,N,1
9bx***,8,양　　　화,0,중기업,,기타,0,0,0,0,,1994-01-21,1999-04-29,0,2009-04-29,N,1
9bx***,8,"식료,잡화",0,기타,2009-01-15,신용관리정보등록,17000000,0,0,0,,,,0,,N,1
9bx***,8,스노우보드,0,기타,2009-04-21,신용관리정보등록,223200000,0,0,0,,,,0,,N,1
9bx***,8,"주,단조용금형",0,소기업,2008-06-25,이자연체,0,27544123,0,0,,2008-10-24,,27544123,2013-10-24,N,1
9bx***,8,"합판,MDF,내장재",0,기타,2009-04-09,당좌부도,1468000000,0,0,0,,,,0,,N,1
9bx***,8,"벽지,장판",0,기타,2007-12-27,신용관리정보등록,0,0,0,0,,,,0,,N,1
9bx***,8,,0,소기업,2002-10-28,원금연체,0,6389020,0,0,Y,2002-12-12,2006-03-03,8637540,2016-03-03,N,1
9bx***,8,고철,0,기타,2009-02-18,이자연체,0,146736576,0,0,,,,0,,N,1
9bx***,8,건어물,0,소기업,2006-08-03,휴.폐업,0,105146645,0,0,Y,2006-09-28,2008-06-05,105146645,2018-06-05,N,1
9bx***,8,신발,0,기타,2009-04-10,이자연체,17000000,0,0,0,,,,0,,N,1
9bx***,8,폐전선등,0,기타,2009-04-28,휴.폐업,104000000,0,0,0,,,,0,,N,1
9bx***,8,머리핀등 악세사리,0,소기업,2007-10-08,휴.폐업,0,14084500,0,0,,2007-12-20,,16584500,2012-12-20,N,1
9bx***,8,지질검사용역,0,기타,2008-12-22,이자연체,0,0,0,0,,,,0,,N,1
9bx***,8,,0,중기업,,기타,0,0,0,0,,1987-03-20,1998-12-29,0,2008-12-29,N,1
9bx***,8,,0,소기업,1998-07-10,기타,0,21886709,0,0,Y,1998-12-31,2004-02-04,22174059,2014-02-04,N,1
9bx***,8,용역,0,기타,2002-05-31,신용관리정보등록,0,34690381,0,0,,,,0,,N,1
9bx***,8,염주공예,0,기타,2009-04-23,원금연체,14450000,0,0,0,,,,0,,N,1
9bx***,8,인테리어공사,0,기타,2002-07-12,신용관리정보등록,0,11784451,0,0,,,,0,,N,1
9bx***,8,,0,중기업,1986-09-27,이자연체,0,184171718,0,0,,1986-12-26,,235266866,,N,1
9bx***,8,,0,기타,2008-10-27,원금연체,0,0,0,0,,,,0,,N,1
9bx***,8,조립식　진열대,0,소기업,1997-12-04,당좌부도,0,15845296,0,0,Y,1998-11-23,1999-04-29,59438639,2009-04-29,N,1
9bx***,8,전자부품가공(압형),0,소기업,2009-04-28,휴.폐업,789386980,0,0,0,,,,0,,N,1
9bx***,8,온돌마루등,0,기타,2008-12-04,신용관리정보등록,0,36249834,0,0,,,,0,,N,1
9bx***,8,발전설비부품(기계공,0,소기업,1998-02-17,당좌부도,0,2152338,0,0,Y,1998-05-18,2003-08-19,53167533,2013-08-19,N,1
9bx***,8,돼지고기삼겹살,0,소기업,2004-05-03,신용관리정보등록,0,3701400,0,0,Y,2004-09-14,2006-01-16,8116010,2016-01-16,N,1
9bx***,8,,0,기타,2008-07-28,이자연체,42500000,0,0,0,,,,0,,N,1
9bx***,8,생선회,0,기타,2005-08-25,이자연체,0,17753642,0,0,,,,0,,N,1
9bx***,8,돼지고기삼겹살,0,소기업,2004-05-03,신용관리정보등록,0,3701400,0,0,Y,2004-09-14,2006-01-16,8116010,2016-01-16,N,1
9bx***,8,,0,기타,2009-04-29,신용관리정보등록,27000000,0,0,0,,,,0,,N,1
9bx***,8,,0,중기업,1997-11-26,기타,0,23078282,0,0,Y,1998-03-20,2003-08-06,31655342,2013-08-06,N,1
9bx***,8,,0,소기업,1997-02-27,원금연체,0,0,0,0,Y,1996-12-30,2002-05-08,39820673,2012-05-08,N,1
9bx***,8,,0,소기업,2007-01-10,원금연체,0,15270657,0,0,,2007-05-11,,17496053,2012-05-11,N,1
9bx***,8,음식료품및담배중개업,0,소기업,2008-05-07,원금연체,0,3148428,0,0,,2008-06-04,,33776060,2013-06-04,N,1
9bx***,8,폴리에스테르직물,0,기타,2009-04-06,신용관리정보등록,320000000,0,0,0,,,,0,,N,1
9bx***,8,"육포, 두부, 참기름",0,기타,2009-03-31,휴.폐업,42500000,0,0,0,,,,0,,N,1
9bx***,8,여성의류,0,기타,2009-03-16,휴.폐업,12750000,0,0,0,,,,0,,N,1
9bx***,8,,0,소기업,,기타,0,0,0,0,,1998-10-15,1999-07-21,0,2009-07-21,N,1
9bx***,8,,0,기타,2009-01-28,휴.폐업,24000000,0,0,0,,,,0,,N,1
9bx***,8,"전기로,철구조물 등",0,기타,2008-12-03,당좌부도,0,891202621,0,23708060,,,,0,,N,1
9bx***,8,염료 및 안료,0,소기업,2009-04-16,휴.폐업,0,14359862,0,0,,2009-04-22,,14504252,2014-04-22,N,1
9bx***,8,"자동차부품,금형",0,기타,2008-12-03,관계회사 사고에 의한 부실,168894770,0,0,0,,,,0,,N,1
9bx***,8,,0,기타,2009-04-14,이자연체,36000000,0,0,0,,,,0,,N,1
9bx***,8,,0,기타,2007-06-29,신용관리정보등록,19440000,0,0,0,,,,0,,N,1
9bx***,8,,0,중기업,1990-03-21,당좌부도,0,0,0,0,Y,1990-09-11,2007-06-01,32976522,2017-06-01,N,1
9bx***,8,간판,0,소기업,2004-08-23,이자연체,0,9715959,0,0,Y,2004-10-13,2007-12-12,16597429,2017-12-12,N,1
9bx***,8,수산물가공 외,0,중기업,2009-02-03,원금연체,1367060861,0,0,0,,,,0,,N,1
9bx***,8,의약품,0,기타,2008-02-05,신용관리정보등록,0,114789334,0,0,,,,0,,N,1
9bx***,8,,0,소기업,2004-06-07,이자연체,0,14738838,0,0,Y,2004-09-17,2007-05-26,17300108,2017-05-26,N,1
9bx***,8,활어,0,소기업,2008-08-20,이자연체,0,570844078,0,0,,2008-09-29,,654123154,,N,1
9bx***,8,폐유리가공,0,기타,2008-10-01,원금연체,0,174054632,0,0,,,,0,,N,1
9bx***,8,easy-bell phone,0,기타,2009-01-20,기타,35000000,0,0,0,,,,82708885,,N,1
9bx***,8,,0,기타,2009-04-28,원금연체,91800000,0,0,0,,,,0,,N,1
9bx***,8,,0,기타,2009-02-24,이자연체,72200000,0,0,0,,,,0,,N,1
9bx***,8,,0,기타,2009-04-28,신용관리정보등록,19890000,0,0,0,,,,0,,N,1
9bx***,8,건설기계대여,0,기타,2009-01-09,휴.폐업,6400000,0,0,0,,,,0,,N,1
9bx***,8,광고물제작,0,소기업,2002-06-10,신용관리정보등록,0,9041054,0,0,Y,2002-11-07,2005-05-20,9041054,2015-05-20,N,1
9bx***,8,스텐레스강,0,소기업,1997-08-29,당좌부도,0,18568923,0,0,Y,1998-04-03,2001-01-31,18568923,2011-01-31,N,1
9bx***,8,,0,소기업,2009-03-20,신용관리정보등록,0,9660177,0,0,,2009-03-26,,9660177,2014-03-26,N,1
9bx***,8,,0,기타,2009-02-24,원금연체,19188070,0,0,0,,,,0,,N,1
9bx***,8,,0,기타,2009-04-27,휴.폐업,22950000,0,0,0,,,,0,,N,1
9bx***,8,인테리아,0,소기업,2008-02-21,관계회사 사고에 의한 부실,0,30563987,0,0,,2008-10-10,,30563987,2013-10-10,N,1
9bx***,8,"철근,철망",0,기타,2008-11-26,원금연체,26095000,0,0,0,,,,0,,N,1
9bx***,8,금속고압호스,0,기타,2008-02-04,당좌부도,0,476853696,0,0,,,,0,,N,1
9bx***,8,의료기관,0,기타,2008-08-01,원금연체,594000000,0,0,0,,,,0,,N,1
9bx***,8,,0,중기업,1991-06-28,기타,0,9574244,0,0,Y,1991-10-02,1998-01-15,39750530,2008-01-15,N,1
9bx***,8,지함인쇄,0,기타,2008-10-10,휴.폐업,0,118368395,0,0,,,,0,,N,1
9bx***,8,한방진료,0,소기업,2006-12-28,원금연체,0,0,0,0,Y,2007-03-02,2008-11-05,40624820,2018-11-05,N,1
9bx***,8,음식점,0,기타,2009-03-27,이자연체,12000000,0,0,0,,,,0,,N,1
9bx***,8,의료기관,0,기타,2008-08-01,원금연체,594000000,0,0,0,,,,0,,N,1
9bx***,8,,0,소기업,1998-02-06,당좌부도,0,58233222,0,0,Y,1998-05-25,2000-05-19,58319522,2010-05-19,N,1
9bx***,8,,0,중기업,1991-06-28,기타,0,9574244,0,0,Y,1991-10-02,1998-01-15,39750530,2008-01-15,N,1
9bx***,8,외투류,0,소기업,1997-10-13,신용관리정보등록,0,15287769,0,0,Y,1998-06-25,2003-08-20,15398259,2013-08-20,N,1
9bx***,8,,0,소기업,1998-07-28,이자연체,0,26581712,0,0,Y,1998-11-16,2004-04-09,32480752,2014-04-09,N,1
9bx***,8,악기,0,소기업,,기타,0,0,0,0,,2004-06-16,,0,2009-06-16,N,1
9bx***,8,플라스틱완구류,0,기타,2009-04-29,이자연체,279420000,0,0,0,,,,0,,N,1
9bx***,8,실내건축공사,0,소기업,2009-02-04,휴.폐업,0,42478182,0,0,,2009-04-10,,99477028,2014-04-10,N,1
9bx***,8,일반산업용기계,0,기타,2009-04-06,원금연체,17120000,0,0,0,,,,0,,N,1
9bx***,8,침구류,0,기타,2008-02-19,당좌부도,0,7775164,0,0,,,,0,,N,1
9bx***,8,,0,기타,2009-04-27,휴.폐업,22950000,0,0,0,,,,0,,N,1
9bx***,8,해상운송중개,0,기타,2009-01-15,신용관리정보등록,256000000,0,0,0,,,,0,,N,1
9bx***,8,,0,기타,2009-04-14,이자연체,36000000,0,0,0,,,,0,,N,1
9bx***,8,,0,기타,2009-03-05,"회생절차,파산 신청",16000000,0,0,0,,,,0,,N,1
9bx***,8,내부전기배선공사,0,소기업,,기타,0,0,0,0,,,,0,2009-01-31,N,1
9bx***,8,용역,0,기타,2002-05-31,신용관리정보등록,0,34690381,0,0,,,,0,,N,1
9bx***,8,카센터,0,기타,2009-02-26,휴.폐업,0,299845847,0,0,,,,0,,N,1
9bx***,8,칼라강판,0,기타,2009-02-02,이자연체,323000000,0,0,0,,,,381416178,,N,1
9bx***,8,수산물가공 외,0,기타,2009-02-03,원금연체,1367060861,0,0,0,,,,0,,N,1
9bx***,8,(위탁판매),0,소기업,2002-01-21,신용관리정보등록,0,4258113,0,0,Y,2002-08-22,2004-09-06,4258113,2014-09-05,N,1
9bx***,8,,0,소기업,,기타,0,0,0,0,,2004-06-23,,0,2009-06-23,N,1
9bx***,8,비상전원장치　외,0,소기업,1994-03-17,원금연체,0,48356384,0,0,Y,1994-11-25,2006-04-11,52155408,2016-04-11,N,1
9bx***,8,,0,소기업,2006-04-28,이자연체,0,14018028,0,0,Y,2006-07-28,2007-08-02,32808767,2017-08-02,N,2
9bx***,8,"페인트,도장방수공사",0,기타,2009-01-23,원금연체,0,5110515,0,0,,,,0,,N,1
9bx***,8,PVC MESH류,0,중기업,2009-01-28,"회생절차,파산 신청",1475656000,132142504,0,0,,2009-04-27,,132142504,,N,1
9bx***,8,,0,기타,2008-09-04,당좌부도,0,80270996,0,0,,,,0,,N,1
9bx***,8,,0,소기업,1998-09-24,원금연체,0,25228097,0,0,Y,1999-04-30,2004-04-28,27157022,2014-04-28,N,1
9bx***,8,,0,소기업,2006-02-28,신용관리정보등록,0,10565579,0,0,,2006-09-05,,10565579,2011-09-05,N,1
9bx***,8,"여성의류,잡화",0,기타,2009-04-29,신용관리정보등록,30000000,0,0,0,,,,0,,N,1
9bx***,8,PVC MESH류,0,기타,2009-01-28,"회생절차,파산 신청",1475656000,0,0,0,,,,132142504,,N,1
9bx***,8,오수처리시설시공 및 관리,0,기타,2009-02-16,신용관리정보등록,0,0,0,0,,,,0,,N,1
9bx***,8,"공조,소방설비공사",0,기타,2009-01-06,당좌부도,0,194738808,30000000,50664658,,,,0,,N,1
9bx***,8,,0,소기업,2003-08-05,이자연체,0,6102144,0,0,,2003-10-31,,10579775,2013-05-15,N,1
9bx***,8,부동산 중개,0,기타,2009-04-06,휴.폐업,20250000,0,0,0,,,,0,,N,1
9bx***,8,,0,기타,2009-04-10,휴.폐업,96250000,0,0,0,,,,0,,N,1
9bx***,8,,0,기타,2009-04-28,원금연체,20400000,0,0,0,,,,0,,N,1
9bx***,8,자동차및전자부품,0,기타,2007-05-14,원금연체,0,36680595,0,0,,,,0,,N,1
9bx***,8,골프용품,0,기타,2009-01-30,휴.폐업,22525000,0,0,0,,,,0,,N,1
9bx***,8,,0,소기업,2009-03-05,이자연체,0,19724999,0,0,,2009-03-09,,19837009,2014-03-09,N,1
9bx***,8,,0,기타,2009-04-28,원금연체,20400000,0,0,0,,,,0,,N,1
9bx***,8,시설물 유지관리,0,기타,2009-04-07,이자연체,884000000,0,0,0,,,,0,,N,1
9bx***,8,,0,기타,2009-01-12,휴.폐업,37856960,0,0,0,,,,0,,N,1
9aZ***,8,문구류수출,0,소기업,,기타,0,0,0,0,,2003-01-20,2004-07-15,0,2014-07-15,N,1
9aZ***,8,,0,소기업,,기타,0,0,0,0,,2003-10-06,,0,2008-10-06,N,1
9aZ***,8,,0,중기업,,기타,0,0,0,0,,,,0,2005-05-25,N,1
9aZ***,8,LPG가스,0,소기업,,기타,0,0,0,0,,2000-09-15,,0,,N,1
9aZ***,8,인쇄물,0,소기업,,기타,0,0,0,0,,2003-12-29,,0,2008-12-29,N,1
9aZ***,8,,0,소기업,,기타,0,0,0,0,,2003-10-14,,0,2008-10-14,N,1
9aZ***,8,건강식품,0,소기업,2005-07-05,원금연체,562212582,0,0,0,,,,0,,N,1
9aZ***,8,,0,소기업,,기타,0,0,0,0,,2002-11-21,,0,2007-11-21,N,1
9aZ***,8,,0,소기업,1995-09-18,이자연체,0,22273909,0,0,Y,1995-08-01,2000-02-15,22273909,2010-02-15,N,2
9aZ***,8,건강식품,0,소기업,,기타,0,0,0,0,,2003-12-22,,0,,N,1
9aZ***,8,,0,소기업,,기타,0,0,0,0,,2002-12-30,2003-07-08,0,2013-07-08,N,1
9aZ***,8,배관자재,0,기타,2003-05-27,당좌부도,0,81351763,0,0,,,,0,,N,1
9aZ***,8,,0,기타,2005-04-04,이자연체,9600000,0,0,0,,,,0,,N,1
9aZ***,8,소방시설공사,0,기타,2005-06-09,당좌부도,624750000,0,0,0,,,,0,,N,1
9aZ***,8,,0,기타,2005-07-06,원금연체,20649820,0,0,0,,,,0,,N,1
9aZ***,8,,0,기타,2005-01-21,이자연체,22950000,0,0,0,,,,0,,N,1
9aZ***,8,"밸브,실린더",0,기타,2005-06-28,원금연체,37000000,0,0,0,,,,0,,N,1
9aZ***,8,전기부품,0,중기업,2005-07-05,원금연체,1440000000,0,0,0,,,,0,,N,1
9aZ***,8,"지벤,로쎄르",0,기타,2004-02-25,이자연체,0,305209397,0,0,,,,0,,N,1
9aZ***,8,골프의류,0,기타,2005-06-10,이자연체,187000000,0,0,0,,,,0,,N,1
9aZ***,8,음.식료품,0,기타,2005-06-07,원금연체,68000000,0,0,0,,,,0,,N,1
9aZ***,8,선박　전기회선　수리,0,기타,2005-03-14,원금연체,0,39466493,0,0,,,,0,,N,1
9aZ***,8,"철강제품 절곡,절단",0,소기업,2004-09-30,원금연체,0,17450663,0,0,,2004-12-23,,17450663,2009-12-23,N,1
9aZ***,8,조명장치,0,기타,2005-04-29,이자연체,8500000,0,0,0,,,,0,,N,1
9aZ***,8,,0,기타,2004-12-15,휴.폐업,0,32980076,0,0,,,,0,,N,1
9aZ***,8,"굴비,냉동선어",0,기타,2005-04-29,원금연체,1997500000,432681437,0,0,,,,0,,N,1
9aZ***,8,청소용역,0,소기업,,기타,0,0,0,0,,2003-02-25,,0,2008-02-25,N,1
9aZ***,8,식잡,0,소기업,2004-04-06,신용관리정보등록,0,16691848,0,0,,2004-08-18,,18188778,2009-08-18,N,1
9aZ***,8,,0,기타,2005-04-29,원금연체,8500000,0,0,0,,,,0,,N,1
9aZ***,8,,0,기타,2005-04-11,신용관리정보등록,17000000,0,0,0,,,,0,,N,1
9aZ***,8,조명기구,0,기타,2005-05-09,휴.폐업,0,18830336,0,0,,,,0,,N,1
9aZ***,8,공중전화부스,0,기타,2005-01-31,신용관리정보등록,0,0,0,0,,,,0,,N,1
9aZ***,8,라벨,0,기타,2005-06-14,휴.폐업,25500000,0,0,0,,,,0,,N,1
9aZ***,8,한식,0,기타,2003-09-05,신용관리정보등록,18000000,0,0,0,,,,0,,N,1
9aZ***,8,음.식료품,0,기타,2005-06-07,원금연체,68000000,0,0,0,,,,0,,N,1
9aZ***,8,등유,0,기타,2005-05-18,이자연체,25500000,0,0,0,,,,0,,N,1
9aZ***,8,,0,기타,2004-12-07,신용관리정보등록,9523080,0,0,0,,,,0,,N,1
9aZ***,8,,0,기타,2005-04-21,이자연체,19550000,0,0,0,,,,0,,N,1
9aZ***,8,"판넬(제어반,분전반",0,기타,2005-02-02,신용관리정보등록,76520000,0,0,0,,,,0,,N,1
9aZ***,8,,0,소기업,2003-11-26,이자연체,0,13952109,0,0,Y,2004-05-11,2005-01-08,13952109,2015-01-08,N,1
9aZ***,8,,0,기타,2004-12-30,원금연체,0,0,0,0,,,,0,,N,1
9aZ***,8,전기공사,0,기타,2005-05-09,신용관리정보등록,22950000,0,0,0,,,,0,,N,1
9aZ***,8,,0,소기업,2003-06-05,기타,0,24558662,0,0,,2003-06-20,,25630573,2008-06-20,N,1
9aZ***,8,,0,기타,2005-07-05,당좌부도,17000000,0,0,0,,,,0,,N,1
9aZ***,8,,0,소기업,2003-12-02,이자연체,0,13995086,0,0,,2004-03-26,,13995086,2009-03-26,N,1
9aZ***,8,,0,기타,2005-07-06,원금연체,40000000,0,0,0,,,,0,,N,1
9aZ***,8,스티로폴,0,소기업,2004-10-04,원금연체,170000000,284233215,0,0,,2004-12-31,,284630335,,N,1
9aZ***,8,접착테이프,0,기타,2005-03-10,신용관리정보등록,27200000,0,0,0,,,,0,,N,1
9aZ***,8,옥외광고물,0,중기업,2005-07-05,이자연체,1426810000,0,0,0,,,,0,,N,1
9aZ***,8,제과,0,기타,2004-12-28,신용관리정보등록,0,18440896,0,0,,,,0,,N,1
9aZ***,8,냉.온수기,0,소기업,2005-07-05,이자연체,587400000,0,0,0,,,,0,,N,1
9aZ***,8,광고대행,0,기타,2005-07-05,원금연체,113300000,0,0,0,,,,0,,N,1
9aZ***,8,무스탕,0,기타,2005-04-29,원금연체,2225384,0,0,0,,,,0,,N,1
9aZ***,8,,0,기타,2004-11-12,신용관리정보등록,17000000,0,0,0,,,,0,,N,1
9aZ***,8,전기공사,0,기타,2005-03-23,당좌부도,181800000,0,0,0,,,,0,,N,1
9aZ***,8,,0,기타,2005-07-05,이자연체,10115000,0,0,0,,,,0,,N,1
9aZ***,8,채소,0,기타,2005-07-06,이자연체,17000000,0,0,0,,,,0,,N,1
9aZ***,8,,0,소기업,,기타,0,0,0,0,,2003-04-22,,0,2008-04-22,N,1
9aZ***,8,의류원단,0,기타,2005-04-08,원금연체,27000000,0,0,0,,,,0,,N,1
9aZ***,8,양말,0,기타,2005-06-03,"회생절차,파산 신청",255000000,0,0,0,,,,0,,N,1
9aZ***,8,,0,소기업,2005-05-30,원금연체,0,10087458,0,0,,2005-06-28,,12886058,2010-06-28,N,1
9aZ***,8,굴삭기임대,0,소기업,2005-03-23,신용관리정보등록,0,5935055,0,0,,2005-04-14,,5935055,2010-04-14,N,1
9aZ***,8,과학전시물등,0,기타,2005-01-27,당좌부도,0,1012364316,0,0,,,,0,,N,1
9aZ***,8,종이류,0,기타,2005-07-01,원금연체,255000000,0,0,0,,,,0,,N,1
9aZ***,8,,0,소기업,2004-07-26,신용관리정보등록,0,17491374,0,0,,2004-12-10,,17491374,,N,1
9aZ***,8,,0,기타,2005-01-17,신용관리정보등록,17000000,0,0,0,,,,0,,N,1
9aZ***,8,다이아몬드톱날,0,기타,2005-02-03,원금연체,0,103944407,0,0,,,,0,,N,1
9aZ***,8,유아용영어자석책,0,기타,2005-01-31,원금연체,8500000,0,0,0,,,,0,,N,1
9aZ***,8,,0,기타,2005-03-04,신용관리정보등록,29750000,0,0,0,,,,0,,N,1
9aZ***,8,양말,0,기타,2005-06-03,"회생절차,파산 신청",255000000,0,0,0,,,,0,,N,1
9aZ***,8,"연수기,정수기",0,기타,,기타,48960000,0,0,0,,,,0,,N,1
9aZ***,8,,0,기타,2004-11-17,이자연체,20400000,0,0,0,,,,0,,N,1
9aZ***,8,전기공사,0,기타,2005-03-23,당좌부도,181800000,0,0,0,,,,0,,N,1
9aZ***,8,신발밑창외,0,중기업,,기타,0,0,0,0,,2003-07-15,,0,2008-07-15,N,1
9aZ***,8,기계부품가공,0,소기업,,기타,0,0,0,0,,2002-07-09,,0,,N,1
9aZ***,8,"화물운송,알선,주선",0,기타,2005-03-18,신용관리정보등록,85000000,0,0,0,,,,0,,N,1
9aZ***,8,전기공사,0,기타,2005-05-30,당좌부도,87376240,0,0,0,,,,0,,N,1
9aZ***,8,산업용세정제,0,기타,2005-02-01,신용관리정보등록,0,0,0,0,,,,0,,N,1
9aZ***,8,라벨,0,기타,2005-06-14,휴.폐업,25500000,0,0,0,,,,0,,N,1
9aZ***,8,화장품,0,기타,2005-03-16,신용관리정보등록,42500000,0,0,0,,,,0,,N,1
9aZ***,8,신발원부자재,0,중기업,,기타,0,0,0,0,,2003-07-16,,0,2008-06-30,N,1
9aZ***,8,자동차부품(미션부품),0,소기업,2002-09-12,신용관리정보등록,0,33323178,0,0,Y,2003-02-26,2004-02-28,33323178,2014-02-28,N,1
9aZ***,8,"복,아구",0,기타,2005-07-05,신용관리정보등록,18000000,0,0,0,,,,0,,N,1
9aZ***,8,통닭,0,기타,2005-04-14,기타,15196049,0,0,0,,,,0,,N,1
9aZ***,8,일반내과,0,소기업,2004-12-02,당좌부도,0,320448139,0,0,,2005-04-21,,320448139,,N,1
9aZ***,8,"주방용품,건강용품",0,기타,2004-03-24,기타,7650000,0,0,0,,,,0,,N,1
9aZ***,8,,0,기타,2005-01-05,당좌부도,0,72443375,0,0,,,,0,,N,1
9aZ***,8,,0,소기업,2004-12-03,원금연체,0,18031952,0,0,,2005-04-25,,18031952,2010-04-23,N,1
9aZ***,8,의료,0,기타,2005-04-25,당좌부도,0,934884582,0,4063050,,,,0,,N,1
9aZ***,8,,0,기타,2005-05-09,휴.폐업,0,29769920,0,0,,,,0,,N,1
9aZ***,8,직물섬유,0,기타,2005-03-25,신용관리정보등록,191250000,0,0,0,,,,0,,N,1
9aZ***,8,나염임가공,0,기타,2004-11-10,사업장 권리침해,42500000,0,0,0,,,,0,,N,1
9aZ***,8,방직기계류,0,기타,,기타,18000000,0,0,0,,,,0,,N,1
9aZ***,8,,0,기타,2005-06-02,이자연체,17000000,0,0,0,,,,0,,N,1
9aZ***,8,,0,소기업,,기타,0,0,0,0,,2003-11-14,,0,2008-11-14,N,1
9aZ***,8,소방시설공사,0,기타,2005-06-09,당좌부도,624750000,0,0,0,,,,0,,N,1
9aZ***,8,,0,기타,2005-01-19,신용관리정보등록,17000000,0,0,0,,,,0,,N,1
9aZ***,8,,0,기타,,기타,17000000,0,0,0,,,,0,,N,1
9aZ***,8,와이어컷팅임가공,0,소기업,2002-11-26,원금연체,0,0,0,0,,2003-02-17,,41443928,,N,1
9aZ***,8,금형,0,기타,2005-04-11,원금연체,13770000,0,0,0,,,,0,,N,1
9aZ***,8,재생용재료,0,기타,2005-02-15,사업장 권리침해,42500000,0,0,0,,,,0,,N,1
9aZ***,8,저항기,0,소기업,2003-10-17,신용관리정보등록,0,49162402,0,0,,2005-05-19,,49162402,,N,1
9aZ***,8,설탕류,0,기타,2005-01-17,당좌부도,100000000,0,0,0,,,,0,,N,1
9aZ***,8,,0,소기업,,기타,0,0,0,0,,2002-10-31,,0,2007-10-31,N,1
9aZ***,8,GIA,0,중기업,2005-07-05,당좌부도,2823525000,0,0,0,,,,0,,N,1
9aZ***,8,"비누,세정제",0,기타,2005-06-21,원금연체,23800000,0,0,0,,,,0,,N,1
9aZ***,8,설탕외,0,기타,2005-05-23,휴.폐업,50000000,0,0,0,,,,0,,N,1
9aZ***,8,전기공사,0,기타,2003-07-10,신용관리정보등록,0,18289597,0,0,,,,0,,N,1
9aZ***,8,,0,기타,2005-03-15,신용관리정보등록,25500000,0,0,0,,,,0,,N,1
9aZ***,8,"고무CMB,패킹외",0,기타,2004-11-08,관계회사 사고에 의한 부실,149710163,0,0,0,,,,0,,N,1
9aZ***,8,음식료품및담배중개업,0,기타,2005-07-04,이자연체,25500000,0,0,0,,,,0,,N,1
9aZ***,8,토너,0,기타,2005-05-23,휴.폐업,595000000,0,0,0,,,,0,,N,1
9aZ***,8,,0,기타,2004-12-30,신용관리정보등록,12000000,0,0,0,,,,0,,N,1
9aZ***,8,자동차수리서비스,0,기타,2004-01-14,신용관리정보등록,85000000,0,0,0,,,,0,,N,1
9aZ***,8,의약품,0,기타,2004-11-12,당좌부도,0,33647702,0,0,,,,0,,N,1
9aZ***,8,통신기기,0,기타,2005-02-01,신용관리정보등록,0,17148603,0,0,,,,0,,N,1
9aZ***,8,전자부품(Anode Cap),0,기타,2004-12-09,사업장 권리침해,0,0,0,0,,,,0,,N,1
9aZ***,8,전용기,0,기타,2005-07-06,신용관리정보등록,31680000,0,0,0,,,,0,,N,1
9aZ***,8,음식료품및담배중개업,0,기타,2005-07-04,이자연체,25500000,0,0,0,,,,0,,N,1
9aZ***,8,"의약품,건강음료",0,기타,,기타,297500000,0,0,0,,,,0,,N,1
9aZ***,8,화섬직물도매,0,기타,2001-12-12,당좌부도,0,580808811,0,90483352,,,,0,,N,1
9aZ***,8,,0,소기업,2004-12-03,기타,0,23885300,0,0,,2005-06-23,,23885300,2010-06-23,N,1
9aZ***,8,통신기기,0,기타,2005-02-01,신용관리정보등록,0,17148603,0,0,,,,0,,N,1
9aZ***,8,육상운송알선,0,기타,2005-06-23,이자연체,15300000,0,0,0,,,,0,,N,1
9aZ***,8,청소용역,0,기타,2003-07-07,이자연체,0,41240983,0,0,,,,0,,N,1
9aZ***,8,"합포,직물",0,기타,2005-05-17,기타,0,0,0,0,,,,0,,N,1
9aZ***,8,분유,0,기타,2005-07-05,원금연체,24598620,0,0,0,,,,0,,N,1
9aZ***,8,볼트,0,소기업,2005-02-21,신용관리정보등록,0,19599950,0,0,,2005-06-20,,19894270,2010-06-18,N,1
9aZ***,8,,0,기타,2005-07-04,신용관리정보등록,25500000,0,0,0,,,,0,,N,1
9aZ***,8,안전망,0,기타,2005-07-04,당좌부도,68000000,0,0,0,,,,0,,N,1
9aZ***,8,안전망,0,기타,2005-07-04,당좌부도,68000000,0,0,0,,,,0,,N,1
9aZ***,8,,0,소기업,,기타,0,0,0,0,,2002-01-25,,0,2007-01-25,N,1
9aZ***,8,골재,0,중기업,1994-04-27,당좌부도,0,94848108,0,0,,1994-09-15,,94848108,2006-05-02,N,1
9aZ***,8,자동제어판넬,0,기타,,기타,590000000,0,0,0,,,,0,,N,1
9aZ***,8,"안전유리,거울",0,기타,2005-07-05,당좌부도,80000000,0,0,0,,,,0,,N,1
9aZ***,8,,0,기타,2005-01-06,신용관리정보등록,35500000,0,0,0,,,,0,,N,1
9aZ***,8,컴퓨터주변기기,0,기타,2005-07-05,당좌부도,133600000,0,0,0,,,,0,,N,1
9aZ***,8,,0,소기업,,기타,0,0,0,0,,2003-02-28,,0,2008-02-28,N,1
9aZ***,8,수의,0,기타,2005-02-22,신용관리정보등록,17000000,0,0,0,,,,0,,N,1
9aZ***,8,골재,0,기타,2005-02-18,당좌부도,331000000,0,0,0,,,,78888568,,N,1
9aZ***,8,화공약품,0,소기업,,기타,0,0,0,0,,2003-04-16,2004-01-20,0,2014-01-20,N,1
9aZ***,8,,0,중기업,1996-06-12,이자연체,0,27314215,0,0,Y,1996-03-29,2001-10-30,27314215,2011-10-30,N,1
9aZ***,8,,0,기타,2005-07-01,휴.폐업,27000000,0,0,0,,,,0,,N,1
9aZ***,8,"가방,벨트",0,기타,2000-10-31,당좌부도,100000000,0,0,0,,,,0,,N,1
9aZ***,8,토공사,0,기타,2005-01-21,원금연체,224000000,0,0,0,,,,0,,N,1
9aZ***,8,야채,0,기타,2005-03-03,원금연체,248000000,0,0,0,,,,50756686,,N,1
9aZ***,8,,0,소기업,1997-06-24,원금연체,0,38728156,0,0,Y,1997-09-23,2002-10-22,43617976,2012-10-22,N,1
9aZ***,8,비닐바닥재,0,기타,2005-03-30,원금연체,45000000,0,0,0,,,,50000000,,N,1
9aZ***,8,육고기,0,기타,2005-05-09,이자연체,22500000,0,0,0,,,,0,,N,1
9aZ***,8,,0,소기업,2005-04-14,휴.폐업,0,17212132,0,0,,2005-05-24,,17212132,2010-05-24,N,1
9aZ***,8,"화장지,잡화",0,기타,,기타,85000000,0,0,0,,,,0,,N,1
9aZ***,8,각종 생선류,0,소기업,2001-09-12,원금연체,0,27800679,0,0,Y,2001-12-17,2004-03-11,27800679,2014-03-11,N,1
9aZ***,8,대형차부품,0,기타,2003-05-21,이자연체,0,27753686,0,0,,,,0,,N,1
9aZ***,8,유류,0,소기업,,기타,0,0,0,0,,2003-03-21,2004-06-17,0,2014-06-17,N,1
9aZ***,8,건축물조립공사,0,기타,2004-05-18,당좌부도,19383282,0,0,0,,,,130200505,,N,1
9aZ***,8,생화,0,기타,2005-01-06,신용관리정보등록,34000000,0,0,0,,,,0,,N,1
9aZ***,8,,0,기타,2003-03-26,신용관리정보등록,0,0,0,0,,,,0,,N,1
9aZ***,8,미용,0,기타,2002-03-07,휴.폐업,0,17479830,0,0,,,,0,,N,1
9aZ***,8,컴퓨터및 관련부품,0,소기업,,기타,0,0,0,0,,2003-12-29,,0,2008-12-29,N,1
9aZ***,8,"밸브,실린더",0,기타,2005-06-28,원금연체,37000000,0,0,0,,,,0,,N,1
9aZ***,8,"샤시,철문",0,기타,,기타,30500000,0,0,0,,,,0,,N,1
9aZ***,8,소프트웨어개발,0,소기업,,기타,0,0,0,0,,2003-02-07,,0,2008-02-05,N,1
9aZ***,8,우유,0,기타,2005-06-30,이자연체,17000000,0,0,0,,,,0,,N,1
9aZ***,8,,0,기타,2005-04-25,신용관리정보등록,36000000,0,0,0,,,,0,,N,1
9aZ***,8,폴리에스테르,0,소기업,,기타,0,0,0,0,,2003-03-31,,0,2008-03-31,N,1
9aZ***,8,,0,기타,2005-07-05,당좌부도,42500000,0,0,0,,,,0,,N,1
9aZ***,8,,0,기타,2005-05-03,이자연체,21250000,0,0,0,,,,0,,N,1
9aZ***,8,유류,0,기타,2005-07-05,이자연체,170000000,0,0,0,,,,0,,N,1
9aZ***,8,전기재료,0,소기업,,기타,0,0,0,0,,2003-11-11,,0,2008-11-11,N,1
9aZ***,8,종이접기문구,0,기타,2004-12-17,당좌부도,45000000,0,0,0,,,,0,,N,1
9aZ***,8,,0,기타,2005-02-17,기타,24874820,0,0,0,,,,0,,N,1
9aZ***,8,,0,소기업,1998-09-03,이자연체,0,43393719,0,0,Y,1999-03-18,2004-09-10,43468509,2014-09-10,N,1
9aZ***,8,,0,기타,2005-06-08,원금연체,30000000,0,0,0,,,,0,,N,1
9aZ***,8,,0,중기업,2003-10-28,당좌부도,0,50025380,0,0,,2004-04-28,,51472213,,N,1
9aZ***,8,,0,기타,2005-06-24,이자연체,8500000,0,0,0,,,,0,,N,1
9aZ***,8,가전제품,0,소기업,2005-07-05,이자연체,298500000,0,0,0,,,,0,,N,1
9aZ***,8,세제류,0,기타,2005-03-30,기타,110500000,0,0,0,,,,93876920,,N,1
9aZ***,8,,0,기타,2005-07-05,이자연체,17000000,0,0,0,,,,0,,N,1
9aZ***,8,,0,기타,2005-02-16,이자연체,25500000,0,0,0,,,,0,,N,1
9aZ***,8,유류,0,기타,2005-06-15,원금연체,40000000,0,0,0,,,,0,,N,1
9aZ***,8,컴퓨터,0,기타,2005-05-25,기타,42500000,0,0,0,,,,0,,N,1
9aZ***,8,화물운송알선,0,중기업,,기타,0,0,0,0,,1995-09-26,1997-12-16,0,2007-12-16,N,1
9aZ***,8,,0,기타,2005-06-14,원금연체,25500000,0,0,0,,,,0,,N,1
9aZ***,8,"경유,등유,휘발유",0,소기업,2005-07-05,원금연체,680000000,0,0,0,,,,0,,N,1
9aZ***,8,,0,소기업,,기타,0,0,0,0,,2002-11-29,,0,2007-11-29,N,1
9aZ***,8,편직기,0,기타,2005-04-13,사업장 권리침해,85000000,0,0,0,,,,0,,N,1
9aZ***,8,휴대폰부품,0,기타,,기타,17000000,0,0,0,,,,0,,N,1
9aZ***,8,,0,소기업,2004-12-20,이자연체,0,20781972,0,0,,2005-06-08,,20781972,,N,1
9aZ***,8,,0,기타,2005-04-01,기타,19110000,0,0,0,,,,0,,N,1
9aZ***,8,면직물,0,기타,2005-07-05,당좌부도,266000000,0,0,0,,,,0,,N,1
9aZ***,8,앙카체,0,기타,2005-03-29,원금연체,97000000,0,0,0,,,,0,,N,1
9aZ***,8,쇼파,0,기타,2005-06-20,원금연체,21780000,0,0,0,,,,0,,N,1
9aZ***,8,사진촬영,0,소기업,2004-04-16,신용관리정보등록,0,13730383,0,0,,2004-12-29,,13730383,2009-12-29,N,1
9aZ***,8,실내인테리어,0,기타,1995-11-18,당좌부도,0,31554928,0,0,,,,0,,N,1
9aZ***,8,,0,기타,2000-03-10,이자연체,0,188873276,0,0,,,,0,,N,1
9aZ***,8,프라스틱 사출품,0,기타,2005-07-05,이자연체,201000000,0,0,0,,,,0,,N,1
9aZ***,8,S,0,기타,2005-02-15,신용관리정보등록,0,299578433,0,0,,,,0,,N,1
9aZ***,8,DVD,0,기타,2005-04-14,신용관리정보등록,0,103892839,0,0,,,,0,,N,1
9aZ***,8,-,0,기타,2005-07-05,당좌부도,42500000,0,0,0,,,,0,,N,1
9aZ***,8,,0,기타,2005-07-05,원금연체,29750000,0,0,0,,,,0,,N,1
9aZ***,8,"보링,그라우팅공",0,기타,2005-04-01,당좌부도,162000000,0,0,0,,,,0,,N,1
9aZ***,8,,0,기타,2005-04-15,당좌부도,80000000,0,0,0,,,,0,,N,1
9aZ***,8,노즐,0,중기업,1998-03-28,이자연체,0,403206439,0,0,Y,1998-07-14,2003-10-08,546521173,2013-10-08,N,1
9aZ***,8,,0,기타,2004-12-28,신용관리정보등록,49300000,0,0,0,,,,0,,N,1
9aZ***,8,카달로그,0,기타,2005-05-27,원금연체,24000000,0,0,0,,,,24085448,,N,1
9aZ***,8,자동차정비,0,기타,2003-09-05,원금연체,0,27522238,0,0,,,,0,,N,1
9aZ***,8,부대찌개,0,소기업,2002-05-08,신용관리정보등록,0,17271541,0,0,Y,2002-09-10,2003-02-17,27927616,2013-02-15,N,1
9aZ***,8,생면외,0,기타,2005-04-14,신용관리정보등록,45000000,0,0,0,,,,0,,N,1
9aZ***,8,화물운송,0,기타,2005-02-16,신용관리정보등록,8500000,0,0,0,,,,0,,N,1
9aZ***,8,기계설비공사업,0,기타,2004-08-18,당좌부도,140000000,0,0,0,,,,131738519,,N,1
9aZ***,8,잡화,0,기타,,기타,17000000,0,0,0,,,,0,,N,1
9aZ***,8,의자커버,0,소기업,2004-09-03,휴.폐업,0,29749943,0,0,Y,2004-09-15,2005-02-23,29749943,2015-02-23,N,1
9aZ***,8,랏셀직물,0,기타,2004-06-18,원금연체,135260863,0,0,0,,,,4278624376,,N,1
9aZ***,8,냉동식품류,0,기타,2004-03-12,이자연체,0,869415359,0,0,,,,0,,N,1
9aZ***,8,수영복,0,기타,2005-02-01,신용관리정보등록,0,0,0,0,,,,0,,N,1
9aZ***,8,식단정보,0,소기업,,기타,0,0,0,0,,2000-11-24,2003-12-31,0,2013-12-31,N,1
9aZ***,8,"햄버거,치킨",0,기타,2005-02-11,원금연체,68000000,0,0,0,,,,0,,N,1
9aZ***,8,절연성가공,0,기타,2005-05-23,원금연체,29350000,0,0,0,,,,0,,N,1
9aZ***,8,의류(아동복),0,기타,2005-06-07,원금연체,3267444,0,0,0,,,,0,,N,1
9aZ***,8,"프리즘,특수렌즈",0,기타,2005-01-14,이자연체,67500000,0,0,0,,,,0,,N,1
9aZ***,8,시설물유지관리,0,기타,2005-06-17,당좌부도,299500000,0,0,0,,,,0,,N,1
9aZ***,8,중고자동차,0,기타,2005-03-11,신용관리정보등록,0,0,0,0,,,,0,,N,1
9aZ***,8,,0,소기업,2005-03-23,이자연체,0,8686807,0,0,,2005-04-25,,8686807,2010-04-23,N,1
9aZ***,8,중고자동차,0,기타,2005-03-11,신용관리정보등록,0,0,0,0,,,,0,,N,1
9aZ***,8,,0,기타,2003-01-23,이자연체,0,18481290,0,0,,,,0,,N,1
9aZ***,8,전기자재외,0,기타,2005-01-11,기타,0,18398219,0,0,,,,0,,N,1
9aZ***,8,시설물유지관리,0,기타,2005-06-17,당좌부도,299500000,0,0,0,,,,0,,N,1
9aZ***,8,타임S/W,0,기타,2002-06-17,당좌부도,0,126743611,0,88262538,,,,0,,N,1
9aZ***,8,전자오락실,0,소기업,,기타,0,0,0,0,,2003-02-27,2003-06-05,0,2013-06-05,N,1
9aZ***,8,보링그라우팅공사,0,기타,2004-06-29,이자연체,141350000,253880942,0,0,,,,0,,N,1
9aZ***,8,"임연사,임싸이징",0,기타,2005-04-12,이자연체,2818300000,0,0,0,,,,0,,N,1
9aZ***,8,광고기획물,0,기타,2005-03-15,이자연체,9000000,0,0,0,,,,0,,N,1
9aZ***,8,,0,기타,2004-08-12,이자연체,0,51299241,0,0,,,,0,,N,1
9aZ***,8,,0,중기업,1999-10-20,원금연체,0,99871284,0,0,Y,1999-10-27,2003-08-01,105921284,2013-08-01,N,1
9aZ***,8,전기공사,0,기타,2005-03-23,당좌부도,181800000,0,0,0,,,,0,,N,1
9aZ***,8,,0,소기업,2005-03-30,신용관리정보등록,0,35411566,0,0,,2005-06-17,,36278926,2010-06-17,N,1
9aZ***,8,도서 및 영상컨텐츠,0,기타,2004-01-05,신용관리정보등록,0,1513443297,0,293755000,,,,0,,N,1
9aZ***,8,철물 등 전문공사,0,기타,2005-07-04,당좌부도,399500000,0,0,0,,,,0,,N,1
9aZ***,8,한식,0,기타,,기타,18000000,0,0,0,,,,0,,N,1
9aZ***,8,철물 등 전문공사,0,기타,2005-07-04,당좌부도,399500000,0,0,0,,,,0,,N,1
9aZ***,8,철물 등 전문공사,0,기타,2005-07-04,당좌부도,399500000,0,0,0,,,,0,,N,1
9aZ***,8,,0,기타,2002-08-30,이자연체,0,0,0,0,,,,0,,N,1
9aZ***,8,"경유,등유,휘발유",0,기타,2005-07-05,원금연체,680000000,0,0,0,,,,0,,N,1
9aZ***,8,사무기기,0,기타,2002-01-08,신용관리정보등록,0,29875799,0,0,,,,0,,N,1
9aZ***,8,설비공사외,0,기타,2005-03-22,이자연체,13500000,0,0,0,,,,0,,N,1
9aZ***,8,식품,0,기타,2005-03-21,이자연체,25330000,0,0,0,,,,0,,N,1
9aZ***,8,유리병,0,기타,2004-10-04,당좌부도,0,1333497089,0,0,,,,0,,N,1
9aZ***,8,.,0,기타,2004-03-04,이자연체,35840000,0,0,0,,,,44224129,,N,1
9aZ***,8,,0,기타,2005-03-11,휴.폐업,29750000,0,0,0,,,,0,,N,1
9aZ***,8,,0,소기업,2004-10-07,신용관리정보등록,0,8640913,0,0,,2005-02-01,,8640913,2010-02-01,N,1
9aZ***,8,일회용카메라(제품),0,기타,2005-06-27,이자연체,0,99479551,0,0,,,,0,,N,1
9aZ***,8,시설물유지관리,0,기타,2005-06-17,당좌부도,299500000,0,0,0,,,,0,,N,1
9aZ***,8,냉동명태및잡어,0,기타,2005-04-27,휴.폐업,0,266728396,0,0,,,,0,,N,1
9aZ***,8,,0,기타,2004-11-22,이자연체,17850000,0,0,0,,,,0,,N,1
9aZ***,8,금속포장용기,0,기타,2004-11-11,신용관리정보등록,0,25966228,0,0,,,,0,,N,1
9aZ***,8,시설물유지관리,0,기타,2005-06-17,당좌부도,299500000,0,0,0,,,,0,,N,1
9aZ***,8,FRP선박,0,기타,2005-04-06,당좌부도,47000000,0,0,0,,,,71553600,,N,1
9aZ***,8,"라면,곡물가공품",0,기타,2005-05-18,신용관리정보등록,0,0,0,0,,,,0,,N,1
9aZ***,8,디지털영상방송장비,0,소기업,2001-05-17,이자연체,0,62334431,0,0,Y,2001-09-19,2004-12-01,106009270,2014-12-01,N,1
9aZ***,8,압출성형기,0,기타,2005-02-11,원금연체,0,1823189791,0,0,,,,0,,N,1
9aZ***,8,피혁(스프리트),0,기타,2001-04-16,기타,0,162749132,0,0,,,,0,,N,1
9aZ***,8,CATV채널티어링,0,기타,2005-04-01,기타,414250000,0,0,0,,,,0,,N,1
9aZ***,8,타임S/W,0,기타,2002-06-17,당좌부도,0,126743611,0,88262538,,,,0,,N,2
9aZ***,8,시설물유지관리,0,기타,2005-06-17,당좌부도,299500000,0,0,0,,,,0,,N,1
9aZ***,8,컴퓨터 및 주변기기,0,기타,2005-07-05,휴.폐업,23800000,0,0,0,,,,0,,N,1
9aZ***,8,,0,소기업,,기타,0,0,0,0,,2003-10-13,,0,2008-10-13,N,1
9aZ***,8,세탁,0,소기업,2001-08-29,휴.폐업,0,49495890,0,0,Y,2001-10-18,2004-12-08,51495890,2014-12-08,N,1
9aZ***,8,"철강,형강외",0,기타,2001-11-03,휴.폐업,0,231833518,0,0,,,,0,,N,1
9aZ***,8,임직,0,기타,2005-07-05,이자연체,34598313,0,0,0,,,,0,,N,1
9aZ***,8,강구조물공사,0,기타,2004-09-16,이자연체,0,301780515,0,0,,,,0,,N,1
9aZ***,8,,0,기타,2005-05-27,원금연체,25500000,0,0,0,,,,0,,N,1
9aZ***,8,임직,0,기타,2005-07-05,이자연체,34598313,0,0,0,,,,0,,N,1
9aZ***,8,,0,기타,2005-05-25,이자연체,29750000,0,0,0,,,,0,,N,1
9aZ***,8,의장공사,0,기타,2003-11-04,당좌부도,0,0,0,0,,,,0,,N,1
9aZ***,8,압출성형기,0,소기업,2005-02-11,원금연체,0,1823189791,0,0,,2005-06-23,,2013106847,,N,1
9aZ***,8,시설물유지관리,0,기타,2005-06-17,당좌부도,299500000,0,0,0,,,,0,,N,1
9aZ***,8,유류(휘발유 등),0,기타,2005-03-08,기타,120000000,0,0,0,,,,0,,N,1
9aZ***,8,화학사,0,기타,2005-02-25,관계회사 사고에 의한 부실,0,436019726,0,0,,,,0,,N,1
9aZ***,8,주택건설,0,기타,1994-01-13,당좌부도,0,172412670,0,0,,,,0,,N,1
9aZ***,8,"보링,그라우팅",0,기타,2005-05-24,원금연체,29750000,0,0,0,,,,0,,N,1
9aZ***,8,폴리에스터원단　외,0,기타,2005-02-14,이자연체,0,81291892,0,0,,,,0,,N,1
9aZ***,8,"각종박스,지함",0,기타,2003-10-10,당좌부도,63000000,0,0,0,,,,27082116,,N,1
9aZ***,8,,0,기타,2005-05-27,원금연체,25500000,0,0,0,,,,0,,N,1
9aZ***,8,.,0,기타,2005-04-29,원금연체,0,0,0,0,,,,0,,N,1
9aZ***,8,한방일반의약품,0,기타,,기타,487500000,0,0,0,,,,0,,N,1
9aZ***,8,PUNCH,0,기타,,기타,168545000,0,0,0,,,,0,,N,1
9aZ***,8,PC(폴리카보나이트),0,기타,2004-12-02,당좌부도,0,85077602,0,0,,,,0,,N,1
9aZ***,8,,0,소기업,2003-06-27,기타,0,26606684,0,0,Y,2004-04-07,2005-02-14,26606684,2015-02-13,N,1
9aZ***,8,poly tropical,0,소기업,2005-03-02,이자연체,0,440258978,0,0,,2005-06-30,,440824538,,N,1
9aZ***,8,소방시설공사,0,기타,2004-05-10,당좌부도,206800000,0,0,0,,,,1192625374,,N,1
9aZ***,8,LPG충전,0,기타,2005-03-14,휴.폐업,80000000,0,0,0,,,,183019833,,N,1
9aZ***,8,중고자동차,0,기타,2004-11-05,기타,0,0,0,0,,,,0,,N,1
9aZ***,8,나일론,0,기타,2004-09-16,원금연체,24000000,0,0,0,,,,17449820,,N,1
9aZ***,8,"니트,쟈켓등",0,기타,2005-06-21,당좌부도,4550800000,0,75390584,0,,,,0,,N,1
9aZ***,8,의류(아동복),0,기타,2005-06-07,원금연체,3267444,0,0,0,,,,0,,N,1
9aZ***,8,자동제어기,0,기타,2005-06-20,사업장 권리침해,42500000,0,0,0,,,,0,,N,1
9aZ***,8,시설물유지관리,0,기타,2005-06-17,당좌부도,299500000,0,0,0,,,,0,,N,1
9aZ***,8,세척기),0,중기업,,기타,0,0,0,0,,,,0,2005-07-27,N,1
9aZ***,8,,0,기타,2004-10-04,원금연체,0,6709410,0,0,,,,0,,N,1
9aZ***,8,모래,0,기타,2004-05-03,당좌부도,0,225592416,0,0,,,,0,,N,1
9aZ***,8,,0,기타,2004-12-03,신용관리정보등록,0,7408601,0,0,,,,0,,N,1
9aZ***,8,런닝머신,0,소기업,,기타,0,0,0,0,,2003-06-18,,0,2008-06-18,N,1
9aZ***,8,"인쇄,상품박스",0,소기업,,기타,0,0,0,0,,2003-06-20,,0,2008-06-20,N,1
9aZ***,8,,0,소기업,,기타,0,0,0,0,,2003-07-29,2004-05-12,0,2014-05-12,N,1
9aZ***,8,,0,소기업,,기타,0,0,0,0,,2003-12-26,,0,2008-12-26,N,1
9aZ***,8,,0,기타,2005-03-23,휴.폐업,17516200,0,0,0,,,,0,,N,1
9aZ***,8,가스보일러,0,기타,2004-07-16,당좌부도,0,35046547,0,0,,,,0,,N,1
9aZ***,8,IC,0,기타,2005-06-24,이자연체,46750000,0,0,0,,,,0,,N,1
9aZ***,8,폐유,0,기타,2005-06-15,당좌부도,85000000,0,0,0,,,,0,,N,1
9aZ***,8,콤프레샤부품,0,중기업,2005-02-01,당좌부도,0,3512781502,0,0,,2005-05-31,,4277526562,,N,1
9aZ***,8,운동화,0,기타,2004-10-22,휴.폐업,0,0,0,0,,,,0,,N,1
9aZ***,8,,0,기타,2005-07-05,당좌부도,27000000,0,0,0,,,,0,,N,1
9aZ***,8,자동차부품,0,기타,2005-01-04,당좌부도,95000000,0,0,0,,,,118997013,,N,1
9aZ***,8,나이론사,0,기타,2005-01-20,원금연체,0,218871104,0,0,,,,0,,N,1
9aZ***,8,안경(코팅)렌즈,0,기타,2004-08-12,"회생절차,파산 신청",255000000,0,0,0,,,,0,,N,1
9aZ***,8,,0,소기업,2005-02-04,이자연체,0,34789452,0,0,,2005-05-04,,34789452,,N,1
9aZ***,8,,0,기타,2005-02-15,휴.폐업,100000000,0,0,0,,,,0,,N,1
9aZ***,8,양약,0,기타,2004-10-28,신용관리정보등록,23400000,0,0,0,,,,7419454,,N,1
9aZ***,8,통신공사,0,기타,2005-04-12,원금연체,184144000,0,0,0,,,,0,,N,1
9aZ***,8,조화,0,기타,2005-06-23,이자연체,25500000,0,0,0,,,,0,,N,1
9aZ***,8,차량방향제,0,기타,2005-02-28,이자연체,72000000,0,0,0,,,,0,,N,1
9aZ***,8,PE포장지,0,기타,2004-10-05,사업장 권리침해,0,295125877,0,0,,,,0,,N,1
9aZ***,8,생활용품(방석),0,소기업,2002-10-04,이자연체,0,22112071,0,0,,2003-02-25,,22112071,2008-02-25,N,1
9aZ***,8,시각훈련기구,0,소기업,2004-12-09,신용관리정보등록,0,17129811,0,0,,2005-03-28,,17376308,2010-03-26,N,1
9aZ***,8,음료(탄산),0,소기업,,기타,0,0,0,0,,2003-05-28,2005-01-12,0,2015-01-12,N,1
9aZ***,8,특수잉크접착제,0,소기업,2005-01-31,신용관리정보등록,0,134695330,0,0,,2005-06-24,,134695330,,N,1
9aZ***,8,"한치,쥐포(건어물)",0,기타,2005-04-27,이자연체,85000000,0,0,0,,,,0,,N,1
9aZ***,8,석유,0,기타,2005-05-20,이자연체,25500000,0,0,0,,,,0,,N,1
9aZ***,8,가구,0,기타,2005-03-28,이자연체,0,32661168,0,0,,,,0,,N,1
9aZ***,8,CNC선반,0,중기업,1998-05-27,당좌부도,0,731883988,0,206524292,Y,1998-09-15,1999-09-11,954964832,2009-08-18,N,1
9aZ***,8,"금형,전자부품",0,기타,2005-02-11,신용관리정보등록,0,0,0,0,,,,0,,N,1
9aZ***,8,안경테,0,소기업,,기타,0,0,0,0,,2004-08-26,2005-02-01,0,2015-01-30,N,1
9aZ***,8,,0,중기업,1991-07-22,당좌부도,0,5454878,0,0,Y,1991-12-11,1997-04-24,7927259,2007-04-24,N,1
9aZ***,8,식품잡화,0,기타,2004-01-13,당좌부도,0,153448901,0,0,,,,0,,N,1
9aZ***,8,SPANDEX,0,기타,2005-06-10,원금연체,1200000000,0,0,0,,,,0,,N,1
9aZ***,8,화장지,0,소기업,,기타,0,0,0,0,,2003-03-20,2005-05-31,0,2015-05-29,N,1
9aZ***,8,전세버스운송,0,기타,2005-01-18,신용관리정보등록,0,128793164,0,0,,,,0,,N,1
9aZ***,8,알루미늄 비렛트,0,기타,2004-12-13,이자연체,900000000,0,0,0,,,,260633753,,N,1
9aZ***,8,가방,0,소기업,1994-11-18,원금연체,0,7053918,0,0,Y,1995-03-03,2000-06-23,8514849,2010-06-23,N,1
9aZ***,8,,0,기타,2004-12-27,원금연체,12419310,0,0,0,,,,0,,N,1
9aZ***,8,상하수도설비공사,0,기타,2004-10-04,당좌부도,23680000,0,0,0,,,,0,,N,1
9aZ***,8,현금호송외,0,중기업,2004-01-30,기타,0,1137069207,0,0,,2004-05-28,,1170830627,,N,1
9aZ***,8,콘트롤박스제작,0,기타,2005-02-16,원금연체,0,15483150,0,0,,,,0,,N,1
9aZ***,8,전기공사,0,기타,2002-06-19,이자연체,0,0,0,0,,,,0,,N,1
9aZ***,8,중기대여,0,소기업,2003-04-25,신용관리정보등록,0,12638514,0,0,,2004-02-12,,12638514,2009-02-12,N,1
9aZ***,8,,0,기타,2005-03-07,휴.폐업,24683623,0,0,0,,,,0,,N,1
9aZ***,8,건축물축조,0,기타,,기타,20655000,0,0,0,,,,0,,N,1
9aZ***,8,니트원단,0,기타,2005-07-05,신용관리정보등록,25500000,0,0,0,,,,0,,N,1
9aZ***,8,,0,중기업,1983-10-06,당좌부도,0,6790590,0,0,,1984-03-05,,20850136,,N,1
9aZ***,8,,0,기타,2005-03-03,신용관리정보등록,42500000,0,0,0,,,,0,,N,1
9aZ***,8,옥매트등,0,기타,2005-05-18,신용관리정보등록,34000000,0,0,0,,,,0,,N,1
9aZ***,8,영상방송장비,0,기타,2005-07-05,원금연체,212500000,0,0,0,,,,0,,N,1
9aZ***,8,"메리야스,잡화",0,소기업,2005-07-04,휴.폐업,0,18005651,0,0,,2005-07-05,,18005651,2010-07-05,N,1
9aZ***,8,"외의(코트,쟈켓)",0,기타,2005-03-15,원금연체,195500000,0,0,0,,,,0,,N,1
9aZ***,8,,0,소기업,2004-12-22,신용관리정보등록,0,17287695,0,0,,2005-05-02,,17287695,,N,1
9aZ***,8,양식 등,0,기타,2005-03-31,휴.폐업,17000000,0,0,0,,,,0,,N,1
9aZ***,8,,0,기타,2005-06-15,신용관리정보등록,28000000,0,0,0,,,,0,,N,1
9aZ***,8,드레스제조,0,기타,2005-01-18,원금연체,0,31344333,0,0,,,,0,,N,1
9aZ***,8,,0,기타,2005-07-05,이자연체,17000000,0,0,0,,,,0,,N,1
9aZ***,8,자동차정비,0,기타,2003-09-05,원금연체,0,27522238,0,0,,,,0,,N,1
9aZ***,8,컴퓨터및 보습교육,0,기타,2005-02-22,이자연체,36000000,0,0,0,,,,0,,N,1
9aZ***,8,,0,기타,2004-12-07,당좌부도,12750000,0,0,0,,,,0,,N,1
9aZ***,8,쇼파,0,기타,2002-12-20,이자연체,0,0,0,0,,,,0,,N,1
9aZ***,8,PVC파우더,0,기타,2005-07-04,기타,297500000,0,0,0,,,,0,,N,1
9aZ***,8,,0,중기업,1990-03-26,기타,0,1848791,0,0,,1990-07-20,,3811991,,N,1
9aZ***,8,대형자동차부품,0,기타,,기타,22950000,0,0,0,,,,0,,N,1
9aZ***,8,분식점,0,기타,2005-06-21,이자연체,17100000,0,0,0,,,,0,,N,1
9aZ***,8,"선풍기,히터외",0,기타,2005-01-04,당좌부도,0,890440163,0,0,,,,0,,N,1
9aZ***,8,형상가공CNC,0,기타,2005-02-07,당좌부도,0,146654449,0,0,,,,0,,N,1
9aZ***,8,,0,기타,2005-06-02,이자연체,17000000,0,0,0,,,,0,,N,1
9aZ***,8,,0,기타,2002-11-05,이자연체,27000000,0,0,0,,,,0,,N,1
9aZ***,8,"등유,휘발유,경유등",0,소기업,2004-06-22,원금연체,0,12905572,0,0,,2004-10-15,,13405572,2009-10-15,N,1
9aZ***,8,플라스틱,0,기타,2005-07-05,신용관리정보등록,30000000,0,0,0,,,,0,,N,1
9aZ***,8,폴리에스터 필름,0,기타,2005-01-04,당좌부도,0,173381835,0,0,,,,0,,N,1
9aZ***,8,.,0,기타,2005-07-04,원금연체,25500000,0,0,0,,,,0,,N,1
9aZ***,8,팬시류,0,기타,2005-04-04,당좌부도,255000000,0,0,0,,,,0,,N,1
9aZ***,8,매실음료,0,기타,2005-03-03,신용관리정보등록,16590952,0,0,0,,,,0,,N,1
9aZ***,8,미용,0,기타,2002-03-07,휴.폐업,0,17479830,0,0,,,,0,,N,1
9aZ***,8,"도자기,주방용품",0,소기업,,기타,0,0,0,0,,2003-06-25,,0,2008-06-25,N,1
9aZ***,8,도장설비,0,기타,2004-12-31,당좌부도,0,511186563,0,0,,,,0,,N,1
9aZ***,8,식육점,0,기타,2001-07-09,이자연체,0,5128891,0,0,,,,0,,N,1
9aZ***,8,빙초산,0,기타,2005-04-21,이자연체,34000000,0,0,0,,,,0,,N,1
9aZ***,8,차동차부품,0,기타,2005-05-27,기타,8500000,0,0,0,,,,0,,N,1
9aZ***,8,랙진열대,0,기타,2005-01-06,신용관리정보등록,61000000,0,0,0,,,,0,,N,1
9aZ***,8,,0,기타,2005-04-12,신용관리정보등록,16000000,0,0,0,,,,0,,N,1
9aZ***,8,인테리어,0,기타,2005-05-04,당좌부도,1846800000,0,0,0,,,,0,,N,1
9aZ***,8,스탠드파우치(포장),0,기타,2005-02-01,신용관리정보등록,70805000,0,0,0,,,,0,,N,1
9aZ***,8,,0,기타,2005-07-05,원금연체,12750000,0,0,0,,,,0,,N,1
9aZ***,8,신발,0,소기업,2001-08-21,원금연체,0,9095276,0,0,,2001-11-02,,9095276,2006-11-02,N,1
9aZ***,8,,0,소기업,,기타,0,0,0,0,,2003-09-17,2003-12-06,0,2013-12-06,N,1
9aZ***,8,"구동롤러,기어,금형",0,중기업,1998-05-28,원금연체,0,32986957,0,0,Y,1999-04-23,2004-06-08,35442737,2014-06-05,N,1
9aZ***,8,,0,기타,2005-04-12,신용관리정보등록,16000000,0,0,0,,,,0,,N,1
9aZ***,8,자동차부품,0,기타,2005-01-13,이자연체,27000000,0,0,0,,,,61305917,,N,1
9aZ***,8,,0,중기업,1991-12-18,원금연체,0,28903183,0,0,Y,1991-11-29,1997-01-23,28903183,2007-01-23,N,1
9aZ***,8,"침구류,의류",0,기타,2002-09-19,신용관리정보등록,0,22900799,0,0,,,,0,,N,1
9aZ***,8,SPANDEX,0,기타,2005-06-10,원금연체,1200000000,0,0,0,,,,0,,N,1
9aZ***,8,,0,기타,2005-07-05,원금연체,17000000,0,0,0,,,,0,,N,1
9aZ***,8,"벽지,장판",0,소기업,2004-10-28,원금연체,0,8158778,0,0,,2005-01-19,,8158778,2010-01-19,N,1
9aZ***,8,의약품,0,기타,2004-08-05,당좌부도,263788519,0,0,0,,,,2202188613,,N,1
9aZ***,8,,0,기타,2005-06-29,신용관리정보등록,38250000,0,0,0,,,,0,,N,1
9aZ***,8,생활한복,0,소기업,2001-07-23,원금연체,0,7724080,0,0,,2001-09-27,,7729730,2006-09-27,N,1
9aZ***,8,주택건설,0,기타,2004-11-10,신용관리정보등록,0,535767859,0,0,,,,0,,N,1
9aZ***,8,부정형내화물,0,기타,2004-03-05,관계회사 사고에 의한 부실,0,306507465,0,0,,,,0,,N,1
9aZ***,8,,0,기타,2004-07-28,원금연체,5839500,0,0,0,,,,0,,N,1
9aZ***,8,티셔츠,0,기타,2005-05-19,원금연체,595000000,0,0,0,,,,0,,N,1
9aZ***,8,주름지,0,기타,2003-06-26,원금연체,0,147946586,0,0,,,,0,,N,1
9aZ***,8,"침구류,의류",0,기타,2002-09-19,신용관리정보등록,0,22900799,0,0,,,,0,,N,1
9aZ***,8,각종 오토바이 부품,0,기타,2005-06-14,신용관리정보등록,127500000,0,0,0,,,,0,,N,1
9aZ***,8,가스완충패드,0,소기업,,기타,0,0,0,0,,2003-03-27,,0,2008-03-27,N,1
9aZ***,8,화섬직물(스웨이드),0,소기업,2005-07-04,이자연체,1000000000,0,21000000,0,,,,0,,N,1
9aZ***,8,노래방서비스,0,소기업,2000-09-05,휴.폐업,0,7422568,0,0,,2001-02-08,,30815838,2006-02-08,N,1
9aZ***,8,금형,0,기타,2002-08-12,신용관리정보등록,42500000,0,0,0,,,,0,,N,1
9aZ***,8,팬시류,0,기타,2005-04-04,당좌부도,255000000,0,0,0,,,,0,,N,1
9aZ***,8,아동복,0,기타,2005-03-16,원금연체,0,14481294,0,0,,,,0,,N,1
9aZ***,8,,0,소기업,2002-11-13,이자연체,0,11603053,0,0,,2003-03-26,,26519693,2008-03-26,N,1
9aZ***,8,,0,소기업,2003-05-21,신용관리정보등록,0,17335715,0,0,,2003-12-19,,17335715,2008-12-19,N,1
9aZ***,8,보일러,0,기타,2005-01-31,신용관리정보등록,74250000,0,0,0,,,,0,,N,1
9aZ***,8,"니트원단,의류",0,소기업,2003-07-02,원금연체,0,27299854,0,0,,2005-03-11,,27394784,,N,1
9aZ***,8,"음,식료품",0,기타,2003-10-15,원금연체,0,46604858,0,0,,,,0,,N,1
9aZ***,8,,0,소기업,,기타,0,0,0,0,,2003-03-17,,0,2008-03-17,N,1
9aZ***,8,-,0,기타,2004-11-12,연대보증에 따른 부실(연쇄도산),48000000,0,0,0,,,,0,,N,1
9aZ***,8,분유,0,소기업,2004-10-01,원금연체,0,17244809,0,0,,2004-11-24,,17244809,2009-11-24,N,1
9aZ***,8,가구,0,기타,2005-04-21,신용관리정보등록,39950000,0,0,0,,,,0,,N,1
9aZ***,8,수배전반,0,소기업,2005-07-05,당좌부도,1124550000,0,0,0,,,,0,,N,1
9aZ***,8,칼라판넬,0,기타,2005-04-21,당좌부도,80000000,0,0,0,,,,0,,N,1
9aZ***,8,,0,기타,2004-11-02,이자연체,0,26700571,0,0,,,,0,,N,1
9aZ***,8,편직,0,소기업,2002-12-30,원금연체,0,33540670,0,0,,2003-08-07,,33540670,,N,1
9aZ***,8,벽지,0,소기업,,기타,0,0,0,0,,2003-03-04,2005-01-29,0,2015-01-29,N,1
9aZ***,8,검도수련,0,기타,2005-06-20,기타,24300000,0,0,0,,,,0,,N,1
9aZ***,8,,0,소기업,2005-03-17,관계회사 사고에 의한 부실,0,27400684,0,0,,2005-06-27,,30400684,2010-06-25,N,1
9aZ***,8,"파이프,밸브류",0,기타,2005-03-25,당좌부도,292047709,0,14000000,0,,,,0,,N,1
9aZ***,8,바코드스캐너 외,0,기타,2004-12-17,원금연체,161500000,0,0,0,,,,0,,N,1
9aZ***,8,건설자재임대업,0,기타,2005-01-18,신용관리정보등록,15300000,0,0,0,,,,0,,N,1
9aZ***,8,팬시류,0,기타,2005-04-04,당좌부도,255000000,0,0,0,,,,0,,N,1
9aZ***,8,,0,소기업,,기타,0,0,0,0,,2003-04-30,2004-04-14,0,2014-04-14,N,1
9aZ***,8,,0,소기업,2003-10-14,기타,0,16419296,0,0,,2003-12-10,,16462246,2008-12-10,N,1
9aZ***,8,광섬유 Tooling sys,0,기타,2005-02-04,신용관리정보등록,170000000,0,0,0,,,,0,,N,1
9aZ***,8,"파이프,밸브류",0,기타,2005-03-25,당좌부도,292047709,0,14000000,0,,,,0,,N,1
9aZ***,8,지붕유지보수,0,소기업,,기타,0,0,0,0,,2003-08-19,,0,2008-07-10,N,1
9aZ***,8,직물포장,0,소기업,2002-01-15,신용관리정보등록,0,26285226,0,0,,2002-09-12,,45520766,,N,1
9aZ***,8,명함,0,기타,2005-06-28,원금연체,9000000,0,0,0,,,,0,,N,1
9aZ***,8,니트,0,기타,2004-09-22,원금연체,1202400000,0,0,0,,,,3922296361,,N,1
9aZ***,8,자동차수리,0,소기업,2002-09-26,휴.폐업,0,13803179,0,0,Y,2003-01-29,2003-09-23,28188369,2013-09-23,N,1
9aZ***,8,가스설비공사,0,기타,2005-07-05,당좌부도,329800000,0,0,0,,,,0,,N,1
9aZ***,8,프레스가공품,0,기타,2005-07-04,휴.폐업,22500000,0,0,0,,,,0,,N,1
9aZ***,8,화물운송주선,0,기타,2005-06-29,원금연체,30600000,0,0,0,,,,0,,N,1
9aZ***,8,가전제품,0,기타,2005-07-04,이자연체,27000000,0,0,0,,,,0,,N,1
9aZ***,8,가전제품,0,기타,2005-01-26,신용관리정보등록,0,0,0,0,,,,0,,N,1
9aZ***,8,,0,기타,2004-12-17,이자연체,17000000,0,0,0,,,,0,,N,1
9aZ***,8,TRS,0,기타,2005-04-06,당좌부도,255000000,0,0,0,,,,0,,N,1
9aZ***,8,용접봉등,0,기타,2005-06-03,휴.폐업,79644409,0,0,0,,,,0,,N,1
9aZ***,8,,0,기타,2004-10-05,신용관리정보등록,24650000,0,0,0,,,,0,,N,1
9aZ***,8,"이불,침구류",0,기타,2005-06-28,신용관리정보등록,105825000,0,0,0,,,,0,,N,1
9aZ***,8,,0,기타,2004-11-29,신용관리정보등록,14736450,0,0,0,,,,0,,N,1
9aZ***,8,,0,소기업,2003-07-08,신용관리정보등록,0,15128725,0,0,,2003-11-17,,17233057,2008-11-17,N,1
9aZ***,8,타이즈,0,기타,2005-06-23,원금연체,2000000000,0,14000000,0,,,,0,,N,1
9aZ***,8,타이즈,0,기타,2005-06-23,원금연체,2000000000,0,14000000,0,,,,0,,N,1
9aZ***,8,카오디오 케이스,0,기타,2005-07-04,당좌부도,520500000,0,0,0,,,,0,,N,1
9aZ***,8,타이즈,0,기타,2005-06-23,원금연체,2000000000,0,14000000,0,,,,0,,N,1
9aZ***,8,,0,소기업,2002-10-16,신용관리정보등록,0,29354712,0,0,,2003-04-16,,29354712,,N,1
9aZ***,8,"메리야스,잡화",0,기타,2005-07-04,휴.폐업,18000000,0,0,0,,,,0,,N,1
9aZ***,8,카오디오 케이스,0,소기업,2005-07-04,당좌부도,520500000,0,0,0,,,,0,,N,1
9aZ***,8,소프트웨어개발자문,0,기타,2005-02-07,신용관리정보등록,43200000,0,0,0,,,,0,,N,1
9aZ***,8,안경,0,기타,2005-05-03,당좌부도,36000000,0,0,0,,,,0,,N,1
9aZ***,8,광고기획,0,기타,2005-07-01,이자연체,24500000,0,0,0,,,,0,,N,1
9aZ***,8,전화번호부작성,0,소기업,2000-09-15,신용관리정보등록,0,41362695,0,0,,2001-02-28,,41362695,2006-02-28,N,1
9aZ***,8,,0,기타,2005-03-14,휴.폐업,49300000,0,0,0,,,,0,,N,1
9aZ***,8,직업소개,0,기타,2002-09-24,원금연체,0,9834991,0,0,,,,0,,N,1
9aZ***,8,,0,기타,2005-05-02,원금연체,18842684,0,0,0,,,,0,,N,1
9aZ***,8,음식,0,소기업,2004-07-13,신용관리정보등록,0,9176153,0,0,,2004-11-18,,9176153,2009-11-18,N,1
9aZ***,8,,0,기타,2005-04-22,이자연체,25500000,0,0,0,,,,0,,N,1
9aZ***,8,,0,기타,2005-07-01,원금연체,17000000,0,0,0,,,,0,,N,1
9aZ***,8,화섬직물(스웨이드),0,기타,2005-07-04,이자연체,1000000000,0,21000000,0,,,,0,,N,1
9aZ***,8,미상,0,기타,2005-07-04,원금연체,25500000,0,0,0,,,,0,,N,1
9aZ***,8,"왁스,연마제　외",0,기타,2005-07-04,당좌부도,450000000,0,0,0,,,,0,,N,1
9aZ***,8,,0,기타,2005-07-04,이자연체,25500000,0,0,0,,,,0,,N,1
9aZ***,8,"각재,판재",0,기타,2005-07-04,원금연체,653686958,0,0,0,,,,0,,N,1
9aZ***,8,광케이블공사외,0,기타,2005-05-10,원금연체,0,291900455,0,0,,,,0,,N,1
9aZ***,8,화섬직물(스웨이드),0,기타,2005-07-04,이자연체,1000000000,0,21000000,0,,,,0,,N,1
9aZ***,8,의류,0,소기업,,기타,0,0,0,0,,2002-10-22,,0,2007-10-22,N,1
9aZ***,8,,0,기타,2005-03-08,이자연체,25500000,0,0,0,,,,0,,N,1
9aZ***,8,판유리,0,기타,2005-02-23,당좌부도,0,205611506,0,0,,,,0,,N,1
9aZ***,8,"왁스,연마제　외",0,기타,2005-07-04,당좌부도,450000000,0,0,0,,,,0,,N,1
9aZ***,8,,0,기타,2004-10-21,당좌부도,0,47785172,0,0,,,,0,,N,1
9aZ***,8,캐릭터상품,0,소기업,,기타,0,0,0,0,,2000-10-16,,0,2005-10-16,N,1
9aZ***,8,산업기계 및 중장비,0,기타,2005-07-04,원금연체,221000000,0,0,0,,,,0,,N,1
9aZ***,8,"가방,문구류",0,소기업,,기타,0,0,0,0,,2003-09-30,,0,2008-09-30,N,1
9aZ***,8,모니터,0,소기업,,기타,0,0,0,0,,2003-02-07,2005-05-12,0,2014-05-28,N,1
9aZ***,8,주전자,0,기타,2004-04-01,당좌부도,0,0,0,0,,,,0,,N,1
9aZ***,8,네트워크설치공사,0,소기업,2001-05-30,신용관리정보등록,0,13986960,0,0,,2002-02-08,,17490438,2007-02-08,N,1
9aZ***,8,,0,중기업,,기타,0,0,0,0,,2000-10-24,2001-12-08,0,2006-12-08,N,1
9aZ***,8,"각재,판재",0,기타,2005-07-04,원금연체,653686958,0,0,0,,,,0,,N,1
9aZ***,8,MOULD BASE,0,기타,2005-03-29,당좌부도,4365691030,0,0,0,,,,0,,N,1
9aZ***,8,전자부품조립,0,소기업,,기타,0,0,0,0,,2001-03-21,,0,2006-03-21,N,1
9aZ***,8,미용실,0,기타,2005-04-26,이자연체,22500000,0,0,0,,,,0,,N,1
9aZ***,8,,0,소기업,,기타,0,0,0,0,,2003-03-14,,0,2008-03-14,N,1
9aZ***,8,안경,0,기타,2005-01-04,당좌부도,0,36607512,0,0,,,,0,,N,1
9aZ***,8,,0,중기업,1996-12-23,원금연체,0,25272598,0,0,Y,1996-09-30,2001-12-04,25392902,2011-12-04,N,2
9aZ***,8,통신공사,0,소기업,,기타,0,0,0,0,,2003-03-04,,0,2008-03-04,N,1
9aZ***,8,화장품,0,기타,2005-06-29,휴.폐업,28000000,0,0,0,,,,0,,N,1
9aZ***,8,,0,소기업,,기타,0,0,0,0,,2003-02-24,,0,2008-02-22,N,1
9aZ***,8,"안경테,렌즈외",0,소기업,,기타,0,0,0,0,,2003-02-18,,0,2008-02-18,N,1
9aZ***,8,"피자,치킨호프",0,소기업,,기타,0,0,0,0,,2003-02-25,,0,2008-02-25,N,1
9aZ***,8,화섬직물(스웨이드),0,기타,2005-07-04,이자연체,1000000000,0,21000000,0,,,,0,,N,1
9aZ***,8,"핸드백,지갑",0,소기업,,기타,0,0,0,0,,2003-01-15,,0,2008-01-15,N,1
9aZ***,8,철콘공사,0,기타,,기타,85000000,0,0,0,,,,0,,N,1
9aZ***,8,오리요리,0,소기업,,기타,0,0,0,0,,2003-12-24,,0,2008-12-24,N,1
9aZ***,8,"가정용 세제, 샴푸",0,소기업,,기타,0,0,0,0,,1999-06-23,2001-07-24,0,2011-07-24,N,1
9aZ***,8,,0,소기업,2005-01-11,이자연체,0,16175593,0,0,,2005-03-03,,25952293,2010-03-03,N,1
9aZ***,8,,0,소기업,,기타,0,0,0,0,,2003-12-31,,0,2008-12-31,N,1
9aZ***,8,잡화,0,소기업,,기타,0,0,0,0,,2001-08-20,2003-04-04,0,2013-04-04,N,1
9aZ***,8,"파이프,밸브류",0,기타,2005-03-25,당좌부도,292047709,0,0,0,,,,0,,N,1
9aZ***,8,,0,소기업,,기타,0,0,0,0,,2003-12-26,,0,2008-12-26,N,1
9aZ***,8,건축자개,0,소기업,,기타,0,0,0,0,,2003-06-20,,0,2008-06-20,N,1
9aZ***,8,"정수기,건강식품",0,소기업,,기타,0,0,0,0,,2003-03-31,,0,2008-03-31,N,1
9aZ***,8,,0,기타,2005-02-18,원금연체,0,18674629,0,0,,,,0,,N,1
9aZ***,8,,0,소기업,,기타,0,0,0,0,,2003-04-01,,0,2008-04-01,N,1
9aZ***,8,트랜스,0,기타,2005-05-25,원금연체,10200000,0,0,0,,,,0,,N,1
9aZ***,8,"인쇄,상품박스",0,소기업,,기타,0,0,0,0,,2003-06-20,,0,2008-06-20,N,1
9aZ***,8,소품공예,0,기타,2005-05-03,원금연체,17850000,0,0,0,,,,0,,N,1
9aZ***,8,인쇄회로기판,0,기타,2005-03-24,기타,255000000,0,0,0,,,,0,,N,1
9aZ***,8,양말,0,소기업,,기타,0,0,0,0,,2001-08-27,,0,2006-08-27,N,1
9aZ***,8,피혁의류(상의),0,기타,2005-06-13,휴.폐업,91800000,0,0,0,,,,0,,N,1
9aZ***,8,여성의류,0,소기업,2002-12-06,휴.폐업,0,24716767,0,0,,2003-04-29,,30916767,,N,1
9aZ***,8,의료기구,0,기타,2003-06-03,당좌부도,0,585525101,0,0,,,,0,,N,1
9aZ***,8,,0,소기업,2005-03-31,원금연체,0,21336304,0,0,,2005-04-12,,21336304,2010-04-12,N,1
9aZ***,8,철구조물,0,기타,2005-07-04,원금연체,24300000,0,0,0,,,,0,,N,1
9aZ***,8,,0,기타,2003-02-11,당좌부도,0,0,0,0,,,,0,,N,1
9aZ***,8,의료기구,0,기타,2003-06-03,당좌부도,0,585525101,0,0,,,,0,,N,1
9aZ***,8,의류 토탈패션,0,기타,2005-03-02,당좌부도,548250000,0,0,0,,,,1465994846,,N,1
9aZ***,8,,0,소기업,,기타,0,0,0,0,,2003-12-26,,0,2008-12-26,N,1
9aZ***,8,,0,기타,2005-05-11,이자연체,34000000,0,0,0,,,,0,,N,1
9aZ***,8,"FRONT, REAR HEAD",0,기타,2004-10-25,당좌부도,0,1138353350,0,0,,,,0,,N,1
9aZ***,8,기타잡화,0,기타,2005-07-01,당좌부도,272500000,0,0,0,,,,0,,N,1
9aZ***,8,호텔업,0,기타,2005-04-21,관계회사 사고에 의한 부실,255000000,0,0,0,,,,0,,N,1
9aZ***,8,런닝머신,0,소기업,,기타,0,0,0,0,,2003-06-18,,0,2008-06-18,N,1
9aZ***,8,피혁의류(상의),0,기타,2005-06-13,휴.폐업,91800000,0,0,0,,,,0,,N,1
9aZ***,8,,0,기타,2005-04-12,기타,32000000,0,0,0,,,,0,,N,1
9aZ***,8,야외용의자,0,중기업,1990-06-07,기타,0,816793302,0,0,Y,1990-11-21,1996-01-18,875042599,2006-01-18,N,1
9aZ***,8,,0,기타,1999-03-11,이자연체,0,23564229,0,0,,,,0,,N,1
9aZ***,8,잡화,0,기타,2005-07-04,휴.폐업,34000000,0,0,0,,,,0,,N,1
9aZ***,8,농산물(콩),0,기타,2005-06-13,당좌부도,121000000,0,0,0,,,,0,,N,1
9aZ***,8,"레카챠,압축용박스",0,기타,2005-02-24,당좌부도,54000000,0,0,0,,,,273014887,,N,1
9aZ***,8,전기판넬,0,기타,2004-10-14,당좌부도,45000000,0,0,0,,,,0,,N,1
9aZ***,8,Hopper Dryer,0,기타,2005-05-03,원금연체,14302542,0,0,0,,,,0,,N,1
9aZ***,8,스판텍스직물,0,소기업,2005-07-04,당좌부도,666000000,0,0,0,,,,0,,N,1
9aZ***,8,"대추,생강등 한약재",0,소기업,2004-05-06,당좌부도,0,15787187,0,0,,2005-06-29,,15787187,2009-08-17,N,1
9aZ***,8,"냉동,냉장식품",0,중기업,,기타,0,0,0,0,,1999-09-28,2001-05-30,0,2011-05-30,N,1
9aZ***,8,,0,기타,2005-07-01,기타,58200000,0,0,0,,,,0,,N,1
9aZ***,8,냉난방기기/기구,0,소기업,1998-08-14,신용관리정보등록,0,18235112,0,0,Y,1998-12-17,2004-05-08,19909612,2014-05-08,N,1
9aZ***,8,주택건설,0,기타,2005-02-04,당좌부도,675041226,0,0,0,,,,346130246,,N,1
9aZ***,8,금형,0,소기업,2003-04-29,신용관리정보등록,0,17210928,0,0,,2003-12-30,,35674418,,N,1
9aZ***,8,철콘공사,0,기타,,기타,85000000,0,0,0,,,,0,,N,1
9aZ***,8,사출성형,0,기타,2005-04-06,이자연체,104000000,0,0,0,,,,0,,N,1
9aZ***,8,,0,기타,2005-04-07,이자연체,39990589,0,0,0,,,,0,,N,1
9aZ***,8,박엽지,0,기타,2005-01-24,당좌부도,0,2422367497,0,0,,,,0,,N,1
9aZ***,8,,0,기타,2005-06-30,기타,42500000,0,0,0,,,,0,,N,1
9aZ***,8,,0,소기업,2005-06-16,휴.폐업,0,9959940,0,0,,2005-06-16,,9960000,2010-06-16,N,1
9aZ***,8,"식료품,잡화 외",0,기타,2005-06-17,당좌부도,255000000,0,0,0,,,,0,,N,1
9aZ***,8,인삼,0,기타,2005-06-09,기타,15120000,0,0,0,,,,0,,N,1
9aZ***,8,.,0,기타,2005-01-04,이자연체,0,41494587,0,0,,,,0,,N,1
9aZ***,8,안경,0,기타,2004-05-13,신용관리정보등록,8500000,0,0,0,,,,0,,N,1
9aZ***,8,,0,기타,2005-03-02,이자연체,25500000,0,0,0,,,,17566505,,N,1
9aZ***,8,전기공사,0,기타,2000-09-04,당좌부도,0,0,0,0,,,,0,,N,1
9aZ***,8,국산차,0,기타,2005-06-17,당좌부도,42500000,0,0,0,,,,0,,N,1
9aZ***,8,,0,기타,2005-01-28,기타,27540000,0,0,0,,,,0,,N,1
9aZ***,8,기계부품가공,0,기타,2001-07-13,신용관리정보등록,10760000,0,0,0,,,,0,,N,1
9aZ***,8,바지락칼국수,0,기타,2005-06-20,이자연체,18000000,0,0,0,,,,0,,N,1
9aZ***,8,,0,기타,2005-07-01,원금연체,17000000,0,0,0,,,,0,,N,1
9aZ***,8,기계부품,0,기타,2005-02-16,신용관리정보등록,8100000,0,0,0,,,,0,,N,1
9aZ***,8,각종 밸브류,0,기타,2005-06-15,당좌부도,0,0,0,0,,,,0,,N,1
9aZ***,8,유제품,0,소기업,2005-03-09,원금연체,0,66057436,0,0,,2005-04-18,,66057436,2010-04-16,N,1
9aZ***,8,,0,기타,2004-03-08,신용관리정보등록,29750000,0,0,0,,,,0,,N,1
9aZ***,8,프라스틱 생활용품,0,기타,2005-07-04,당좌부도,97500000,0,0,0,,,,0,,N,1
9aZ***,8,부동산중개,0,기타,2005-06-24,이자연체,42000000,0,0,0,,,,0,,N,1
9aZ***,8,,0,기타,2005-07-04,신용관리정보등록,25500000,0,0,0,,,,0,,N,1
9aZ***,8,,0,기타,2005-05-27,이자연체,25500000,0,0,0,,,,0,,N,1
9aZ***,8,철재의자 및 탁자,0,기타,2005-07-04,휴.폐업,127500000,0,0,0,,,,0,,N,1
9aZ***,8,니트,0,기타,2005-03-09,이자연체,27000000,0,0,0,,,,0,,N,1
9aZ***,8,인쇄물 기획,0,기타,2005-02-01,신용관리정보등록,30175000,0,0,0,,,,0,,N,1
9aZ***,8,광고간판,0,기타,,기타,25000000,0,0,0,,,,0,,N,1
9aZ***,8,,0,기타,2005-02-25,신용관리정보등록,8000000,0,0,0,,,,0,,N,1
9aZ***,8,검도수련,0,기타,2005-06-20,기타,24300000,0,0,0,,,,0,,N,1
9aZ***,8,GIA,0,기타,,기타,2823525000,0,0,0,,,,0,,N,1
9aZ***,8,목욕서비스,0,소기업,,기타,0,0,0,0,,2002-07-05,,0,2007-07-05,N,1
9aZ***,8,당구장,0,소기업,,기타,0,0,0,0,,2003-05-14,,0,2008-05-14,N,1
9aZ***,8,공작기계부품,0,기타,2005-04-26,원금연체,15300000,0,0,0,,,,0,,N,1
9aZ***,8,,0,기타,2005-07-04,기타,16000000,0,0,0,,,,0,,N,1
9aZ***,8,"설탕,식용유,밀가루",0,기타,2005-02-14,당좌부도,0,218583665,0,0,,,,0,,N,1
9aZ***,8,,0,기타,2005-07-04,기타,8000000,0,0,0,,,,0,,N,1
9aZ***,8,"게임기,주변기기",0,기타,2005-02-01,당좌부도,27000000,0,0,0,,,,0,,N,1
9aZ***,8,생필품,0,기타,2005-02-14,신용관리정보등록,0,26118604,0,0,,,,0,,N,1
9aZ***,8,,0,기타,2003-03-14,원금연체,0,10845775,0,0,,,,0,,N,1
9aZ***,8,,0,기타,1998-05-26,원금연체,0,32160968,0,0,,,,0,,N,1
9aZ***,8,악취제거제,0,소기업,2003-09-24,이자연체,0,10691389,0,0,,2003-11-28,,12234357,2008-11-28,N,1
9aZ***,8,음식료품,0,기타,,기타,85000000,0,0,0,,,,0,,N,1
9aZ***,8,플랜지,0,기타,2005-06-30,당좌부도,825000000,0,149799300,0,,,,0,,N,1
9aZ***,8,DVD,0,기타,2005-05-25,이자연체,110500000,0,0,0,,,,0,,N,1
9aZ***,8,철구조물,0,기타,2004-05-10,원금연체,0,200723758,0,0,,,,0,,N,1
9aZ***,8,"게임기,주변기기",0,기타,2005-02-01,당좌부도,27000000,0,0,0,,,,0,,N,1
9aZ***,8,,0,기타,,기타,25500000,0,0,0,,,,0,,N,1
9aZ***,8,,0,기타,2005-04-29,이자연체,0,86765275,0,0,,,,0,,N,1
9aZ***,8,한식점업,0,기타,,기타,22000000,0,0,0,,,,0,,N,1
9aZ***,8,섬유 원단,0,기타,2005-06-14,원금연체,467000000,0,0,0,,,,0,,N,1
9aZ***,8,,0,기타,1998-05-26,원금연체,0,32160968,0,0,,,,0,,N,1
9aZ***,8,"각재,판재",0,소기업,2005-07-04,원금연체,653686958,0,0,0,,,,0,,N,1
9aZ***,8,인테리어,0,기타,2005-01-31,신용관리정보등록,0,0,0,0,,,,0,,N,1
9aZ***,8,잉크젯포토용지,0,기타,2004-02-10,원금연체,0,912771731,0,0,,,,0,,N,1
9aZ***,8,,0,중기업,,기타,0,0,0,0,,,,0,2005-09-15,N,1
9aZ***,8,철근콘크리트공사,0,기타,2005-05-11,신용관리정보등록,295000000,0,0,0,,,,0,,N,1
9aZ***,8,화섬사,0,기타,2005-06-23,기타,500000000,0,0,0,,,,0,,N,1
9aZ***,8,,0,기타,2005-07-04,신용관리정보등록,21000000,0,0,0,,,,0,,N,1
9aZ***,8,음식,0,소기업,2005-03-03,원금연체,0,18433620,0,0,,2005-05-26,,18447120,2010-05-26,N,1
9aZ***,8,"경유,석유등",0,중기업,,기타,0,0,0,0,,2001-06-14,2004-05-12,0,2014-05-12,N,1
9aZ***,8,팽화미,0,기타,2004-11-03,당좌부도,342094651,0,0,0,,,,0,,N,1
9aZ***,8,출판물,0,기타,2005-06-28,신용관리정보등록,40500000,0,0,0,,,,0,,N,1
9aZ***,8,호프집,0,소기업,2002-09-16,이자연체,0,6959599,0,0,,2003-07-22,,6959599,2008-07-22,N,1
9aZ***,8,,0,소기업,2003-10-08,이자연체,0,16085495,0,0,,2003-12-01,,17461095,2008-12-01,N,1
9aZ***,8,통신기기판매,0,기타,2005-04-22,휴.폐업,199750000,0,0,0,,,,0,,N,1
9aZ***,8,금속제품도장,0,소기업,1995-12-23,당좌부도,0,47739742,0,0,Y,1996-06-04,1997-07-01,111933073,2007-07-01,N,1
9aZ***,8,,0,소기업,2003-03-12,휴.폐업,0,5445772,0,0,,2003-09-29,,6559624,2008-09-29,N,1
9aZ***,8,석제품 재단가공,0,기타,2005-06-29,원금연체,39950000,0,0,0,,,,0,,N,1
9aZ***,8,,0,소기업,2004-09-07,원금연체,0,8747475,0,0,Y,2005-01-10,2005-05-06,8747475,2015-05-06,N,1
9aZ***,8,여성의류,0,기타,2005-06-14,원금연체,12750000,0,0,0,,,,0,,N,1
9aZ***,8,,0,소기업,1998-11-09,이자연체,0,19293609,0,0,Y,1999-03-08,2004-03-09,21923287,2014-03-07,N,1
9aZ***,8,사무용가구,0,기타,2005-04-27,신용관리정보등록,0,0,0,0,,,,0,,N,1
9aZ***,8,,0,기타,2002-11-13,이자연체,0,11603053,0,0,,,,0,,N,1
9aZ***,8,자동문,0,기타,,기타,80000000,0,0,0,,,,0,,N,1
9aZ***,8,,0,기타,2005-04-14,신용관리정보등록,8500000,0,0,0,,,,0,,N,1
9aZ***,8,,0,기타,2005-07-01,휴.폐업,17000000,0,0,0,,,,0,,N,1
9aZ***,8,아동용공작용구,0,기타,2005-07-01,이자연체,16200000,0,0,0,,,,0,,N,1
9aZ***,8,치료용전문의약품,0,기타,2005-07-01,당좌부도,499000000,0,0,0,,,,0,,N,1
9aZ***,8,,0,기타,2004-06-24,신용관리정보등록,0,0,0,0,,,,0,,N,1
9aZ***,8,,0,소기업,2004-01-13,신용관리정보등록,0,20960580,0,0,,2005-06-28,,20960580,2010-06-28,N,1
9aZ***,8,,0,기타,2005-03-04,기타,27000000,0,0,0,,,,0,,N,1
9aZ***,8,확갱장비,0,기타,2005-01-27,당좌부도,0,0,0,0,,,,0,,N,1
9aZ***,8,의류잡화,0,기타,2004-03-09,원금연체,0,0,0,0,,,,0,,N,1
9aZ***,8,섬유원단편조,0,기타,2005-05-26,이자연체,42500000,0,0,0,,,,0,,N,1
9aZ***,8,기초화장품,0,기타,2005-07-04,휴.폐업,16500000,0,0,0,,,,0,,N,1
9aZ***,8,화학섬유직물,0,기타,2005-02-28,신용관리정보등록,83000000,0,0,0,,,,0,,N,1
9aZ***,8,,0,기타,2005-07-04,원금연체,17000000,0,0,0,,,,0,,N,1
9aZ***,8,레스토랑,0,기타,2004-01-07,신용관리정보등록,4950000,0,0,0,,,,0,,N,1
9aZ***,8,아동용 서적,0,기타,2004-09-02,당좌부도,0,264841552,0,0,,,,0,,N,1
9aZ***,8,DPA,0,기타,2005-02-02,당좌부도,297500000,0,0,0,,,,0,,N,1
9aZ***,8,.,0,기타,2005-04-29,원금연체,38250000,0,0,0,,,,0,,N,1
9aZ***,8,건강보조식품,0,기타,2004-04-02,신용관리정보등록,8100000,0,0,0,,,,0,,N,1
9aZ***,8,청소년신문,0,소기업,2003-10-27,신용관리정보등록,0,14766008,0,0,,2004-06-25,,14766008,2009-06-25,N,1
9aZ***,8,수산물류,0,기타,,기타,24000000,0,0,0,,,,0,,N,1
9aZ***,8,,0,소기업,,기타,0,0,0,0,,2003-07-09,,0,2008-07-09,N,1
9aZ***,8,,0,기타,2005-03-10,이자연체,11050000,0,0,0,,,,0,,N,1
9aZ***,8,화공약품,0,기타,2004-09-09,당좌부도,14199009,0,0,0,,,,617759580,,N,1
9aZ***,8,플라스틱사출품,0,기타,2005-02-11,신용관리정보등록,9000000,0,0,0,,,,0,,N,1
9aZ***,8,PVC건자재,0,기타,2004-05-13,당좌부도,0,0,0,0,,,,0,,N,1
9aZ***,8,,0,기타,2005-07-01,신용관리정보등록,8500000,0,0,0,,,,0,,N,1
9aZ***,8,,0,기타,2005-07-04,원금연체,17000000,0,0,0,,,,0,,N,1
9aZ***,8,화섬직물(샤므즈),0,기타,2005-03-25,원금연체,0,1344684416,0,0,,,,0,,N,1
9aZ***,8,,0,기타,2005-06-27,신용관리정보등록,12750000,0,0,0,,,,0,,N,1
9aZ***,8,"책상,의자,실험대등",0,기타,2005-06-02,당좌부도,810000000,0,0,0,,,,0,,N,1
9aZ***,8,통신공사,0,기타,2004-08-04,원금연체,214200000,0,0,0,,,,106650082,,N,1
9aZ***,8,,0,기타,2003-07-18,신용관리정보등록,0,0,0,0,,,,0,,N,1
9aZ***,8,,0,기타,2004-12-07,원금연체,0,0,0,0,,,,0,,N,1
9aZ***,8,직물원단,0,기타,1994-11-03,당좌부도,0,46214962,0,0,,,,0,,N,1
9aZ***,8,각종 케이스판금,0,기타,2005-03-10,신용관리정보등록,0,39600757,0,0,,,,0,,N,1
9aZ***,8,핸드폰,0,기타,2005-05-19,신용관리정보등록,17000000,0,0,0,,,,0,,N,1
9aZ***,8,자동차부품,0,기타,2005-03-15,휴.폐업,135790000,0,0,0,,,,0,,N,1
9aZ***,8,,0,기타,2005-07-04,이자연체,25500000,0,0,0,,,,0,,N,1
9aZ***,8,자동차용품(목제품),0,소기업,2001-04-06,이자연체,0,28075296,0,0,,2001-12-29,,30916986,2006-05-29,N,1
9aZ***,8,고정형핸드레일,0,기타,2005-05-26,원금연체,87500000,0,0,0,,,,0,,N,1
9aZ***,8,"책상,의자,실험대등",0,기타,2005-06-02,당좌부도,810000000,0,0,0,,,,0,,N,1
9aZ***,8,,0,기타,2005-04-28,원금연체,25500000,0,0,0,,,,0,,N,1
9aZ***,8,,0,기타,2005-06-29,기타,17000000,0,0,0,,,,0,,N,1
9aZ***,8,보일러,0,기타,2005-04-07,당좌부도,120000000,0,0,0,,,,0,,N,1
9aZ***,8,광고대행,0,기타,2005-02-14,신용관리정보등록,34300000,0,0,0,,,,50207444,,N,1
9aZ***,8,운동화,0,기타,2004-10-22,휴.폐업,12010398,0,0,0,,,,0,,N,1
9aZ***,8,사료용유지,0,기타,2005-03-29,신용관리정보등록,355625000,0,0,0,,,,0,,N,1
9aZ***,8,.,0,소기업,2004-03-04,이자연체,35840000,44167299,0,0,,2005-06-20,,44224129,,N,1
9aZ***,8,,0,기타,2005-06-29,원금연체,17000000,0,0,0,,,,0,,N,1
9aZ***,8,,0,기타,2005-02-17,신용관리정보등록,25500000,0,0,0,,,,0,,N,1
9aZ***,8,,0,기타,2005-02-02,원금연체,45000000,0,0,0,,,,0,,N,1
9aZ***,8,컴퓨터,0,기타,2005-05-17,이자연체,150000000,0,0,0,,,,0,,N,1
9aZ***,8,배관자재,0,기타,2005-05-11,당좌부도,0,26374405,0,0,,,,0,,N,1
9aZ***,8,배관용 밸브,0,기타,2004-11-03,사업장 권리침해,320000000,0,0,0,,,,905864201,,N,1
9aZ***,8,표면처리제,0,기타,2005-05-10,신용관리정보등록,32300000,0,0,0,,,,0,,N,1
9aZ***,8,토목공사,0,기타,2005-02-23,이자연체,42300000,0,0,0,,,,0,,N,1
9aZ***,8,프라스틱제품,0,기타,2004-11-02,이자연체,24298505,0,0,0,,,,0,,N,1
9aZ***,8,화섬사,0,기타,2005-06-23,기타,500000000,0,0,0,,,,0,,N,1
9aZ***,8,,0,기타,2005-06-28,이자연체,34850000,0,0,0,,,,0,,N,1
9aZ***,8,섬유원단,0,기타,2005-03-09,이자연체,32539520,0,0,0,,,,87560362,,N,1
9aZ***,8,축산분뇨처리기기,0,기타,2005-03-15,원금연체,21858381,0,0,0,,,,0,,N,1
9aZ***,8,도금,0,기타,,기타,34200000,0,0,0,,,,0,,N,1
9aZ***,8,,0,기타,2005-05-25,이자연체,8500000,0,0,0,,,,0,,N,1
9aZ***,8,보관써비스,0,기타,2005-05-24,관계회사 사고에 의한 부실,391750000,0,0,0,,,,0,,N,1
9aZ***,8,인테리어,0,기타,2005-01-31,신용관리정보등록,0,25756397,0,0,,,,0,,N,1
9aZ***,8,,0,기타,2005-05-17,원금연체,15886608,0,0,0,,,,0,,N,1
9aZ***,8,반도체장비세정업,0,기타,2005-04-11,이자연체,12600000,0,0,0,,,,120876483,,N,1
9aZ***,8,인테리어,0,기타,2005-01-31,신용관리정보등록,0,25756397,0,0,,,,0,,N,1
9aZ***,8,화섬편직물,0,기타,2005-03-15,원금연체,404840000,0,0,0,,,,701872132,,N,1
9aZ***,8,건축공사,0,기타,2005-06-10,원금연체,4722409,0,0,0,,,,0,,N,1
9aZ***,8,소프트웨어,0,기타,2004-12-06,신용관리정보등록,25500000,0,0,0,,,,0,,N,1
9aZ***,8,기타잡화,0,소기업,2005-07-01,당좌부도,272500000,0,0,0,,,,0,,N,1
9aZ***,8,의료용품(혈당기외),0,기타,2004-11-15,휴.폐업,170000000,0,0,0,,,,351414278,,N,1
9aZ***,8,수전금구 임가공,0,기타,2005-03-03,신용관리정보등록,25500000,0,0,0,,,,0,,N,1
9aZ***,8,,0,소기업,2002-09-04,원금연체,0,22702093,0,0,Y,2002-12-17,2003-10-24,22702093,2013-10-24,N,1
9aZ***,8,,0,기타,2005-04-13,원금연체,8500000,0,0,0,,,,0,,N,1
9aZ***,8,,0,기타,2004-04-21,신용관리정보등록,0,0,0,0,,,,0,,N,1
9aZ***,8,,0,기타,2005-04-21,원금연체,34000000,0,0,0,,,,0,,N,1
9aZ***,8,,0,소기업,2003-02-17,신용관리정보등록,0,12954878,0,0,Y,2003-05-23,2004-11-24,12998258,2014-11-24,N,1
9aZ***,8,,0,기타,2004-12-03,신용관리정보등록,8500000,0,0,0,,,,0,,N,1
9aZ***,8,금형,0,소기업,2003-04-29,신용관리정보등록,0,17210928,0,0,,2003-12-30,,35674418,,N,1
9aZ***,8,,0,기타,2004-10-19,원금연체,0,0,0,0,,,,0,,N,1
9aZ***,8,석제품 재단가공,0,기타,2005-06-29,원금연체,39950000,0,0,0,,,,0,,N,1
9aZ***,8,잡화,0,기타,2005-04-14,원금연체,7225000,0,0,0,,,,0,,N,1
9aZ***,8,조적공사,0,기타,2005-06-14,당좌부도,127500000,0,0,0,,,,0,,N,1
9aZ***,8,휠캡,0,기타,2005-06-02,당좌부도,102000000,0,0,0,,,,0,,N,1
